Transaction_ID,Company_ID,Product_ID,Quantity,Transaction_Date,Product_Price,Total_Cost,Product_Name
6.0,80,11,4.0,2021-07-12,160658.67535045007,627200.0,OptiFlow Automation
,57,10,6.0,2022-07-10,89600.0,627200.0,SegmentX Targeting
24.0,70,1,19.0,2021-05-03,145162.09735915158,2660000.0,FinPredictor Suite
34.0,92,8,11.0,2024-02-27,141578.710505847,1814400.0,
36.0,71,20,3.0,2022-05-19,224000.0,672000.0,FinSphere Intelligence Suite
38.0,67,2,13.0,2024-08-05,184039.0226478925,2016000.0,MarketMinder Analytics
39.0,20,1,12.0,2024-05-22,148830.09486159886,1820000.0,FinPredictor Suite
43.0,91,6,13.0,2022-10-31,187921.9707563237,2150400.0,RevenueVue Dashboard
45.0,36,9,10.0,2024-08-26,116233.10484205802,1008000.0,Product 9
47.0,50,18,11.0,2024-03-14,141498.8995613937,1478400.0,DashSync Analytics Hub
54.0,19,10,10.0,2023-08-24,89600.0,896000.0,SegmentX Targeting
58.0,28,2,16.0,2024-09-09,184595.10426175897,2688000.0,MarketMinder Analytics
62.0,30,2,7.0,2024-01-01,154604.60558444785,1008000.0,MarketMinder Analytics
65.0,5,2,3.0,2022-12-21,170103.4952340756,504000.0,MarketMinder Analytics
,82,19,5.0,2024-09-19,98348.0987085968,571200.0,EcoNomix Modeler
77.0,17,4,9.0,2022-02-26,134913.4726420455,1232000.0,CustomerScope Insights
80.0,91,18,17.0,2021-09-10,147779.8506633818,2284800.0,DashSync Analytics Hub
88.0,49,4,5.0,2022-11-07,123200.0,492800.0,CustomerScope Insights
108.0,77,8,3.0,2022-11-06,137641.7614919734,412925.28447592014,
,75,3,1.0,2024-10-14,105417.36026541964,100800.0,TrendWise Forecaster
117.0,61,7,9.0,2020-12-01,151139.15595824635,1512000.0,DataBridge Integration Tool
120.0,38,9,6.0,2024-02-06,115681.41372102968,560000.0,Product 9
125.0,29,17,12.0,2020-11-01,170160.19274658096,1848000.0,RealTime Revenue
134.0,51,15,3.0,2023-05-02,107741.13064878792,323223.3919463637,NexGen Segmentator
149.0,62,12,18.0,2021-10-30,85902.82884460222,1546250.91920284,BudgetMaster Pro
152.0,14,13,9.0,2024-01-11,208430.22700451245,1764000.0,ForecastXcelerator 
153.0,53,14,5.0,2024-08-01,118864.33997906873,594321.6998953436,InsightMax Insights Platform
160.0,55,11,4.0,2023-10-19,162599.63724409652,650398.5489763861,OptiFlow Automation
164.0,57,16,5.0,2023-06-25,96094.057362997,532000.0,
167.0,80,9,15.0,2024-01-10,106817.0972003646,1568000.0,Product 9
,90,1,6.0,2023-12-28,136282.2195380804,980000.0,FinPredictor Suite
,80,16,20.0,2022-05-22,115386.77343731456,2021600.0,
183.0,26,11,3.0,2022-10-10,154776.31624967942,464328.9487490383,OptiFlow Automation
201.0,67,14,4.0,2022-10-18,128800.0,515200.0,InsightMax Insights Platform
,59,18,13.0,2021-01-07,142599.77138049103,1612800.0,DashSync Analytics Hub
212.0,87,13,16.0,2021-01-23,211328.0593463328,3332000.0,ForecastXcelerator 
222.0,6,3,9.0,2021-10-21,95264.50205000142,907200.0,TrendWise Forecaster
223.0,41,8,12.0,2021-07-14,138968.3857767312,1663200.0,
224.0,32,3,17.0,2021-03-04,93527.21565264826,1612800.0,TrendWise Forecaster
226.0,18,16,14.0,2023-08-31,113497.5603310924,1596000.0,
227.0,19,14,2.0,2024-02-17,128800.0,257600.0,InsightMax Insights Platform
236.0,30,3,10.0,2021-06-13,108277.85219292431,1008000.0,TrendWise Forecaster
237.0,83,18,4.0,2023-11-30,133002.4178412807,537600.0,DashSync Analytics Hub
239.0,96,1,15.0,2022-07-11,144531.3584221865,1960000.0,FinPredictor Suite
243.0,100,14,6.0,2024-10-16,131782.42301984556,790694.5381190734,InsightMax Insights Platform
250.0,37,17,17.0,2024-09-21,172537.17980104068,2856000.0,RealTime Revenue
263.0,44,18,5.0,2021-04-07,134400.0,806400.0,DashSync Analytics Hub
267.0,71,13,13.0,2023-08-15,196000.0,2548000.0,ForecastXcelerator 
268.0,68,15,12.0,2024-08-17,100800.0,1209600.0,NexGen Segmentator
292.0,97,14,7.0,2023-07-20,120434.77960665588,843043.4572465911,InsightMax Insights Platform
294.0,80,6,15.0,2024-01-31,194779.14141339436,2867200.0,RevenueVue Dashboard
310.0,90,20,2.0,2023-12-15,241461.3727878062,482922.7455756124,FinSphere Intelligence Suite
320.0,93,10,11.0,2022-10-04,96047.73116671357,896000.0,SegmentX Targeting
330.0,23,2,18.0,2021-02-17,154294.7653713449,2856000.0,MarketMinder Analytics
336.0,2,5,15.0,2021-12-15,85929.9712656287,1344000.0,SalesSync Optimizer
338.0,90,9,5.0,2023-09-17,116048.83055326113,672000.0,Product 9
351.0,27,1,12.0,2023-04-03,143468.37807698335,1721620.5369238001,FinPredictor Suite
361.0,93,3,20.0,2022-11-16,91156.79418428092,2016000.0,TrendWise Forecaster
362.0,70,15,13.0,2021-09-02,107991.27867864278,1310400.0,NexGen Segmentator
365.0,9,7,12.0,2022-07-21,144951.1778679665,1814400.0,DataBridge Integration Tool
370.0,75,16,14.0,2023-04-08,114419.86789256416,1489600.0,
377.0,24,17,19.0,2021-06-30,183313.3445900712,3482953.547211353,RealTime Revenue
378.0,60,6,7.0,2023-03-03,190095.19204704833,1433600.0,RevenueVue Dashboard
381.0,45,6,14.0,2022-04-16,193178.04310584525,2688000.0,RevenueVue Dashboard
391.0,55,4,8.0,2021-01-07,112858.8954691749,902871.1637533992,CustomerScope Insights
,19,8,16.0,2023-03-17,144748.47184438718,2419200.0,
395.0,81,11,13.0,2021-10-18,162373.47717047154,2110855.20321613,OptiFlow Automation
402.0,40,15,17.0,2021-01-25,106473.55755783824,1814400.0,NexGen Segmentator
404.0,3,8,6.0,2023-10-03,155935.45860035098,1058400.0,
,7,2,4.0,2023-03-12,152212.0045285784,608848.0181143136,MarketMinder Analytics
413.0,66,6,14.0,2022-11-08,195890.99897102977,2688000.0,RevenueVue Dashboard
418.0,53,20,18.0,2023-05-08,224935.86187452555,4032000.0,FinSphere Intelligence Suite
425.0,61,10,9.0,2023-12-08,83380.98746974408,716800.0,SegmentX Targeting
436.0,38,12,5.0,2024-05-06,78457.87537510919,420000.0,BudgetMaster Pro
438.0,25,14,8.0,2022-07-10,132068.61061579327,901600.0,InsightMax Insights Platform
442.0,41,12,17.0,2022-05-18,82487.52211276823,1402287.8759170598,BudgetMaster Pro
446.0,19,15,19.0,2021-04-26,102232.37556566,1915200.0,NexGen Segmentator
,23,11,11.0,2022-10-31,156800.0,1724800.0,OptiFlow Automation
458.0,44,11,15.0,2021-10-31,167102.85938210614,2195200.0,OptiFlow Automation
462.0,70,12,16.0,2023-08-31,83296.33882471976,1344000.0,BudgetMaster Pro
468.0,57,12,3.0,2020-11-21,87951.63783153906,263854.9134946172,BudgetMaster Pro
475.0,29,7,7.0,2021-06-24,144184.91765968793,1209600.0,DataBridge Integration Tool
477.0,25,15,19.0,2022-07-09,110264.68749793828,1814400.0,NexGen Segmentator
488.0,79,12,15.0,2022-11-15,87081.20916483448,1260000.0,BudgetMaster Pro
,87,6,9.0,2021-11-09,175814.63883545605,1433600.0,RevenueVue Dashboard
508.0,76,13,5.0,2023-03-16,190133.478844532,950667.39422266,ForecastXcelerator 
510.0,61,2,20.0,2023-09-16,168000.0,3192000.0,MarketMinder Analytics
512.0,91,8,11.0,2021-08-14,146295.25248839176,1663200.0,
513.0,31,9,12.0,2021-06-15,117519.21071250278,1232000.0,Product 9
527.0,30,10,7.0,2023-11-21,89239.94817002164,716800.0,SegmentX Targeting
,37,12,2.0,2022-10-29,76938.44575568051,153876.89151136103,BudgetMaster Pro
546.0,71,13,18.0,2022-09-30,208697.62098642447,3756557.1777556404,ForecastXcelerator 
552.0,60,4,14.0,2022-12-20,117183.67308255116,1601600.0,CustomerScope Insights
554.0,98,2,4.0,2024-07-19,172417.077732707,672000.0,MarketMinder Analytics
563.0,65,7,19.0,2020-12-17,162536.63601916394,3024000.0,DataBridge Integration Tool
570.0,81,4,8.0,2021-12-24,122170.77707324745,862400.0,CustomerScope Insights
579.0,41,1,9.0,2022-04-12,152410.8666447557,1260000.0,FinPredictor Suite
590.0,61,8,10.0,2024-09-05,160076.45104591464,1512000.0,
606.0,25,13,15.0,2023-04-07,196614.027895542,2949210.4184331303,ForecastXcelerator 
625.0,85,10,14.0,2022-02-18,89600.0,1164800.0,SegmentX Targeting
627.0,98,13,16.0,2022-06-19,199048.51986272135,2940000.0,ForecastXcelerator 
,53,1,12.0,2023-04-28,145825.97236562584,1680000.0,FinPredictor Suite
633.0,77,3,15.0,2021-02-09,102206.21658731796,1512000.0,TrendWise Forecaster
635.0,84,3,11.0,2023-09-21,96519.47485426144,1108800.0,TrendWise Forecaster
644.0,92,3,2.0,2022-09-28,106745.72848877026,213491.4569775405,TrendWise Forecaster
645.0,67,20,2.0,2022-04-08,214481.28105628816,428962.5621125763,FinSphere Intelligence Suite
653.0,35,2,20.0,2024-07-28,162666.37469894515,3192000.0,MarketMinder Analytics
657.0,89,4,19.0,2021-08-25,117534.10476170528,2464000.0,CustomerScope Insights
660.0,94,19,4.0,2021-07-17,86249.61159003929,344998.44636015716,EcoNomix Modeler
665.0,92,11,4.0,2023-01-14,141385.28811665243,565541.1524666097,OptiFlow Automation
667.0,100,18,11.0,2021-01-20,145879.87019969855,1604678.572196684,DashSync Analytics Hub
670.0,3,8,12.0,2024-04-03,147153.40209055608,1814400.0,
677.0,49,6,16.0,2023-04-16,173814.061610834,2688000.0,RevenueVue Dashboard
693.0,80,14,4.0,2022-03-18,117496.8920692316,515200.0,InsightMax Insights Platform
699.0,57,17,8.0,2022-10-19,178910.46962545317,1512000.0,RealTime Revenue
700.0,49,5,19.0,2022-09-27,81505.74837050577,1680000.0,SalesSync Optimizer
705.0,8,15,16.0,2022-04-03,95671.38923305308,1512000.0,NexGen Segmentator
706.0,87,7,2.0,2024-07-20,165775.68709050657,331551.37418101315,DataBridge Integration Tool
707.0,21,17,13.0,2021-05-20,151797.4124239277,2016000.0,RealTime Revenue
715.0,6,9,18.0,2022-05-11,111382.04277304388,2128000.0,Product 9
725.0,22,12,7.0,2024-10-20,77985.14106793853,588000.0,BudgetMaster Pro
729.0,9,12,19.0,2022-11-10,86887.54081224644,1596000.0,BudgetMaster Pro
732.0,85,18,18.0,2024-01-30,122249.93488465792,2284800.0,DashSync Analytics Hub
740.0,45,9,17.0,2021-06-22,108973.67733163232,2016000.0,Product 9
,37,14,13.0,2023-09-10,137907.26064778992,1674400.0,InsightMax Insights Platform
748.0,51,4,18.0,2022-09-10,122526.92568509642,2094400.0,CustomerScope Insights
753.0,86,2,11.0,2021-08-19,178566.95728609155,2016000.0,MarketMinder Analytics
758.0,51,4,11.0,2024-07-21,126480.53794946164,1478400.0,CustomerScope Insights
762.0,26,15,3.0,2022-06-21,92582.75222521898,277748.25667565694,NexGen Segmentator
774.0,4,6,19.0,2024-03-29,192318.8932856578,3584000.0,RevenueVue Dashboard
776.0,68,6,11.0,2023-12-09,195548.07774970628,2150400.0,RevenueVue Dashboard
800.0,62,9,11.0,2023-11-13,118477.00003605692,1232000.0,Product 9
804.0,50,17,2.0,2021-02-12,168000.0,336000.0,RealTime Revenue
807.0,40,6,14.0,2023-02-12,179200.0,2688000.0,RevenueVue Dashboard
809.0,65,20,4.0,2022-12-03,240944.30493512037,963777.2197404815,FinSphere Intelligence Suite
810.0,27,12,7.0,2022-01-30,91355.97925799747,639491.8548059823,BudgetMaster Pro
815.0,29,10,16.0,2022-10-22,80664.82210823215,1523200.0,SegmentX Targeting
825.0,52,8,12.0,2022-02-12,,1663200.0,
840.0,85,1,17.0,2022-03-07,153768.2506901587,2614060.2617326975,FinPredictor Suite
851.0,17,9,15.0,2023-10-19,102265.48114531228,1568000.0,Product 9
855.0,35,19,4.0,2021-07-13,92063.56139237944,368254.2455695178,EcoNomix Modeler
858.0,46,11,8.0,2022-09-06,154740.26580227228,1254400.0,OptiFlow Automation
860.0,50,12,9.0,2021-06-01,82858.75085140899,756000.0,BudgetMaster Pro
862.0,14,15,14.0,2021-09-10,94110.56948992929,1310400.0,NexGen Segmentator
864.0,99,1,2.0,2023-04-27,129359.68351451152,280000.0,FinPredictor Suite
872.0,72,20,8.0,2021-06-15,220291.6591537699,1762333.2732301592,FinSphere Intelligence Suite
882.0,35,6,19.0,2021-03-16,167024.60309908155,3404800.0,RevenueVue Dashboard
883.0,33,6,15.0,2021-01-30,179200.0,2508800.0,RevenueVue Dashboard
886.0,33,12,2.0,2022-05-01,86766.11969645166,173532.2393929033,BudgetMaster Pro
,66,4,9.0,2022-03-06,124104.2626411874,1232000.0,CustomerScope Insights
896.0,50,1,10.0,2023-06-25,128425.6221459072,1400000.0,FinPredictor Suite
899.0,81,17,5.0,2023-05-11,170546.0853064265,1008000.0,RealTime Revenue
900.0,64,6,12.0,2022-04-15,175117.09427973157,2150400.0,RevenueVue Dashboard
905.0,40,15,2.0,2022-07-29,100650.40538121558,201600.0,NexGen Segmentator
907.0,62,1,15.0,2023-11-07,128865.15698779254,2240000.0,FinPredictor Suite
913.0,38,15,5.0,2023-09-23,95017.16207372336,504000.0,NexGen Segmentator
922.0,67,11,3.0,2023-11-09,168020.64961615572,504061.94884846715,OptiFlow Automation
942.0,76,11,7.0,2023-07-05,153764.95374597076,1097600.0,OptiFlow Automation
944.0,78,13,6.0,2024-04-23,179248.62410403983,1075491.744624239,ForecastXcelerator 
948.0,38,3,20.0,2024-08-03,97843.58128084424,2016000.0,TrendWise Forecaster
965.0,3,14,15.0,2022-10-13,133470.7930333967,1932000.0,InsightMax Insights Platform
972.0,83,9,8.0,2022-02-21,106678.35569963808,1008000.0,Product 9
973.0,37,19,3.0,2021-08-23,94780.39417168622,284341.18251505867,EcoNomix Modeler
977.0,82,4,16.0,2021-03-16,133946.37969785405,1971200.0,CustomerScope Insights
978.0,75,16,5.0,2022-01-21,110594.27378484503,638400.0,
987.0,90,7,14.0,2023-12-13,164745.8488498005,2306441.883897207,DataBridge Integration Tool
991.0,81,15,6.0,2021-11-30,99264.49623877424,604800.0,NexGen Segmentator
994.0,67,17,2.0,2021-01-09,168000.0,336000.0,RealTime Revenue
997.0,89,19,1.0,2023-01-26,103804.40425322374,103804.40425322374,EcoNomix Modeler
1006.0,86,16,14.0,2023-10-26,106801.3939359183,1489600.0,
1026.0,16,5,17.0,2024-05-26,89659.55040048526,1428000.0,SalesSync Optimizer
1053.0,14,7,5.0,2022-09-21,154158.40245234623,907200.0,DataBridge Integration Tool
1056.0,2,11,12.0,2023-05-26,171537.87982282328,1881600.0,OptiFlow Automation
1062.0,46,14,2.0,2022-10-26,125664.64399487282,251329.28798974564,InsightMax Insights Platform
1065.0,1,1,16.0,2023-04-18,149895.48006486404,2398327.6810378246,FinPredictor Suite
1068.0,73,13,13.0,2021-02-18,176892.9864155033,2744000.0,ForecastXcelerator 
1069.0,77,3,5.0,2022-10-14,99096.07407278533,495480.37036392663,TrendWise Forecaster
1072.0,30,16,6.0,2021-01-01,98532.4065316202,638400.0,
1083.0,72,2,16.0,2023-07-24,154749.03666292192,2520000.0,MarketMinder Analytics
1087.0,62,10,19.0,2020-11-24,96082.3700039608,1825565.030075255,SegmentX Targeting
1092.0,38,20,3.0,2024-01-15,226475.31905425232,679425.9571627569,FinSphere Intelligence Suite
1096.0,15,12,11.0,2023-05-02,78205.23338768876,1008000.0,BudgetMaster Pro
1098.0,87,7,15.0,2022-12-29,145145.85104526856,2116800.0,DataBridge Integration Tool
1106.0,70,16,20.0,2023-01-25,95950.86009514504,2021600.0,
1108.0,82,3,15.0,2024-01-14,104664.4204707142,1612800.0,TrendWise Forecaster
1130.0,56,20,12.0,2023-11-01,224000.0,2464000.0,FinSphere Intelligence Suite
1131.0,99,12,10.0,2023-01-17,75980.38967302458,840000.0,BudgetMaster Pro
1132.0,6,10,12.0,2024-01-09,83437.55923912239,985600.0,SegmentX Targeting
1133.0,32,10,4.0,2023-10-31,82617.14695528249,268800.0,SegmentX Targeting
1135.0,36,14,7.0,2021-05-03,136549.09669267264,901600.0,InsightMax Insights Platform
1136.0,53,13,1.0,2023-02-15,185934.78092925076,196000.0,ForecastXcelerator 
1142.0,12,8,8.0,2023-06-30,161460.16641577514,1209600.0,
1143.0,60,13,11.0,2021-05-28,192045.7778165072,2112503.5559815792,ForecastXcelerator 
1146.0,87,6,12.0,2023-12-04,195073.1203537107,2329600.0,RevenueVue Dashboard
1153.0,99,4,19.0,2024-09-27,122067.54421745462,2217600.0,CustomerScope Insights
1158.0,2,6,4.0,2022-08-21,194737.037079994,716800.0,RevenueVue Dashboard
1159.0,80,1,7.0,2023-06-08,151017.0645421891,980000.0,FinPredictor Suite
1163.0,64,5,5.0,2024-08-19,90384.14236226377,420000.0,SalesSync Optimizer
,93,9,1.0,2021-08-13,107892.78999939116,112000.0,Product 9
1172.0,41,13,6.0,2023-05-18,192322.15482304737,1372000.0,ForecastXcelerator 
1173.0,46,17,19.0,2023-11-19,181458.34420011903,3447708.5398022616,RealTime Revenue
1176.0,92,9,7.0,2021-11-04,108957.1785013008,784000.0,Product 9
1180.0,65,3,20.0,2021-01-10,103757.66663779208,1915200.0,TrendWise Forecaster
1181.0,36,13,2.0,2022-03-05,205938.24180966217,411876.48361932434,ForecastXcelerator 
1182.0,98,5,13.0,2022-07-26,76313.57213188653,1176000.0,SalesSync Optimizer
1184.0,16,8,15.0,2023-01-31,157547.35666878862,2419200.0,
1195.0,9,9,11.0,2024-02-18,118301.32311031956,1232000.0,Product 9
1196.0,96,13,5.0,2024-01-01,205472.195196114,1027360.97598057,ForecastXcelerator 
1200.0,48,11,7.0,2021-01-04,152521.04890760398,1254400.0,OptiFlow Automation
1203.0,54,1,6.0,2020-11-22,130395.95240353732,700000.0,FinPredictor Suite
1206.0,28,11,12.0,2022-11-10,156800.0,1724800.0,OptiFlow Automation
1210.0,69,13,15.0,2022-11-27,213312.5247392255,2940000.0,ForecastXcelerator 
1217.0,86,9,12.0,2021-12-27,119893.75690774144,1344000.0,Product 9
1220.0,23,6,8.0,2022-11-24,179226.63769136128,1433813.1015308902,RevenueVue Dashboard
1225.0,74,10,16.0,2022-07-12,92148.88480016043,1433600.0,SegmentX Targeting
1234.0,4,17,20.0,2023-12-14,157073.1555001345,3192000.0,RealTime Revenue
,72,13,10.0,2024-02-27,192061.63670886992,1920616.3670886992,ForecastXcelerator 
1242.0,15,4,3.0,2020-11-28,114317.10251946856,342951.3075584057,CustomerScope Insights
1250.0,77,20,10.0,2024-09-18,224000.0,2240000.0,FinSphere Intelligence Suite
1251.0,21,17,18.0,2022-01-20,154529.03369103948,3024000.0,RealTime Revenue
1252.0,38,8,4.0,2021-05-16,158977.5540263966,635910.2161055864,
1256.0,21,2,9.0,2022-01-23,156468.9307076917,1344000.0,MarketMinder Analytics
1258.0,84,7,10.0,2022-02-23,151200.0,1663200.0,DataBridge Integration Tool
1260.0,69,11,18.0,2023-05-04,156800.0,2665600.0,OptiFlow Automation
1267.0,36,10,17.0,2023-10-27,96951.12354433688,1523200.0,SegmentX Targeting
1273.0,4,12,4.0,2021-01-28,78641.71247654464,252000.0,BudgetMaster Pro
1275.0,69,10,12.0,2024-08-09,96958.10846041338,1164800.0,SegmentX Targeting
1290.0,97,3,15.0,2021-09-17,95950.20051767852,1411200.0,TrendWise Forecaster
1296.0,56,2,8.0,2021-08-08,155100.8503304159,1240806.8026433273,MarketMinder Analytics
1306.0,43,5,21.0,2022-10-12,80627.32043434957,1680000.0,SalesSync Optimizer
1323.0,71,8,14.0,2021-04-23,156025.28515355816,1965600.0,
1327.0,27,11,3.0,2022-06-20,141699.80126819527,470400.0,OptiFlow Automation
1330.0,24,9,6.0,2022-01-19,114115.52089199952,784000.0,Product 9
1343.0,70,15,8.0,2021-06-30,102942.27821547068,705600.0,NexGen Segmentator
1351.0,86,7,2.0,2022-04-13,151624.87682471567,303249.75364943134,DataBridge Integration Tool
1355.0,57,3,16.0,2024-03-06,100800.0,1713600.0,TrendWise Forecaster
1370.0,85,2,10.0,2022-06-09,183266.3908983503,1680000.0,MarketMinder Analytics
1374.0,99,18,11.0,2023-10-16,124192.58834025003,1344000.0,DashSync Analytics Hub
1378.0,58,15,1.0,2021-09-13,96347.85392389024,96347.85392389024,NexGen Segmentator
1380.0,57,17,11.0,2023-01-09,160766.18590561024,1848000.0,RealTime Revenue
1408.0,51,17,14.0,2020-12-28,168519.50407704155,2184000.0,RealTime Revenue
1410.0,88,18,10.0,2022-12-10,141320.61762105738,1344000.0,DashSync Analytics Hub
1418.0,36,12,10.0,2021-01-24,81626.00566703556,756000.0,BudgetMaster Pro
1420.0,30,13,13.0,2024-03-18,185029.94010603655,2405389.221378475,ForecastXcelerator 
1424.0,99,18,12.0,2022-09-14,134400.0,1612800.0,DashSync Analytics Hub
1427.0,4,13,10.0,2021-10-27,183319.44729934307,1960000.0,ForecastXcelerator 
1428.0,20,19,11.0,2024-05-16,100862.6909358167,952000.0,EcoNomix Modeler
1429.0,76,12,4.0,2022-03-05,81660.8659962812,336000.0,BudgetMaster Pro
1431.0,79,17,17.0,2024-06-04,160917.17359237254,3024000.0,RealTime Revenue
1450.0,80,18,18.0,2022-12-10,146752.96730663863,2419200.0,DashSync Analytics Hub
1457.0,28,2,11.0,2021-07-07,165361.5692270301,1818977.261497331,MarketMinder Analytics
1459.0,2,20,19.0,2022-11-27,219109.45599588897,4480000.0,FinSphere Intelligence Suite
1461.0,24,6,18.0,2022-05-26,161874.78035524808,3404800.0,RevenueVue Dashboard
1472.0,18,1,16.0,2022-02-20,140000.0,2100000.0,FinPredictor Suite
1474.0,90,9,10.0,2021-03-08,113292.59052207872,1232000.0,Product 9
1477.0,74,14,6.0,2022-11-29,126833.66243808692,644000.0,InsightMax Insights Platform
1478.0,91,19,4.0,2024-01-06,101980.97083238995,407923.8833295598,EcoNomix Modeler
1481.0,96,3,2.0,2021-10-16,103001.93430522615,201600.0,TrendWise Forecaster
1491.0,20,12,2.0,2023-07-18,79607.52481089874,168000.0,BudgetMaster Pro
1500.0,92,1,16.0,2021-08-01,140000.0,2240000.0,FinPredictor Suite
1506.0,89,3,13.0,2021-09-25,105776.79760897178,1310400.0,TrendWise Forecaster
1507.0,59,10,1.0,2024-02-27,81248.98673889531,81248.98673889531,SegmentX Targeting
1510.0,59,14,19.0,2024-05-09,135295.83323107718,2576000.0,InsightMax Insights Platform
1511.0,44,2,19.0,2024-03-27,177652.75244923797,3192000.0,MarketMinder Analytics
,39,15,7.0,2021-08-07,101529.44836805172,806400.0,NexGen Segmentator
1530.0,51,12,8.0,2021-04-04,90424.25780155446,588000.0,BudgetMaster Pro
1540.0,49,16,19.0,2021-07-22,113139.35947733308,1915200.0,
1545.0,51,4,19.0,2024-10-13,125233.61720715593,2217600.0,CustomerScope Insights
1551.0,32,7,17.0,2024-07-30,153386.3827587288,2419200.0,DataBridge Integration Tool
1555.0,13,8,13.0,2021-03-02,149963.52289448134,2116800.0,
1563.0,45,9,18.0,2023-04-14,112000.0,1904000.0,Product 9
1565.0,81,14,6.0,2021-03-07,119123.82855162496,714742.9713097498,InsightMax Insights Platform
1571.0,48,15,8.0,2022-05-27,107235.35746623024,806400.0,NexGen Segmentator
1572.0,34,3,13.0,2022-08-07,99889.97212115533,1310400.0,TrendWise Forecaster
1575.0,2,1,5.0,2021-01-15,135227.39855460104,676136.9927730052,FinPredictor Suite
1577.0,15,18,11.0,2023-05-09,121549.55487942196,1478400.0,DashSync Analytics Hub
1578.0,28,16,18.0,2023-08-03,,1915200.0,
1593.0,99,3,17.0,2022-03-23,109739.04617387398,1814400.0,TrendWise Forecaster
1601.0,83,10,21.0,2022-04-18,82099.5205958913,1792000.0,SegmentX Targeting
,95,8,7.0,2024-04-09,141642.18640182648,991495.3048127854,
1612.0,10,17,8.0,2021-07-15,174913.84088993393,1176000.0,RealTime Revenue
1621.0,21,19,2.0,2024-09-20,87447.23987681326,190400.0,EcoNomix Modeler
,35,9,5.0,2022-09-16,112000.0,672000.0,Product 9
1638.0,53,10,7.0,2022-08-05,96057.0671712262,716800.0,SegmentX Targeting
1639.0,50,14,17.0,2021-06-23,125165.87982421128,2060800.0,InsightMax Insights Platform
1640.0,18,5,17.0,2022-11-10,78927.66400537599,1344000.0,SalesSync Optimizer
1651.0,73,20,7.0,2021-06-11,212537.9759228501,1487765.8314599507,FinSphere Intelligence Suite
1659.0,84,9,12.0,2021-07-10,115182.39491707282,1344000.0,Product 9
1663.0,61,16,13.0,2023-09-17,114417.0140729807,1383200.0,
1672.0,6,13,6.0,2021-11-13,206496.77813828344,1176000.0,ForecastXcelerator 
1677.0,49,18,17.0,2023-06-09,143688.93460237203,2419200.0,DashSync Analytics Hub
1681.0,96,16,12.0,2020-11-16,105816.94375321518,1170400.0,
1706.0,54,13,1.0,2023-10-04,186968.68681332853,186968.68681332853,ForecastXcelerator 
1716.0,20,3,14.0,2023-12-01,100800.0,1411200.0,TrendWise Forecaster
1726.0,8,13,17.0,2021-09-24,201789.92135809903,3528000.0,ForecastXcelerator 
1736.0,23,14,13.0,2023-11-22,118378.34294458538,1545600.0,InsightMax Insights Platform
,22,7,8.0,2021-10-03,158498.6631563936,1360800.0,DataBridge Integration Tool
1738.0,15,18,1.0,2022-08-31,127260.03831352184,127260.03831352184,DashSync Analytics Hub
1740.0,24,11,21.0,2024-03-20,149715.68426729096,3136000.0,OptiFlow Automation
,49,15,10.0,2023-03-17,100800.0,907200.0,NexGen Segmentator
1744.0,90,2,3.0,2022-01-03,168000.0,504000.0,MarketMinder Analytics
1750.0,61,3,8.0,2023-05-05,92143.93302612223,737151.4642089779,TrendWise Forecaster
,66,7,20.0,2022-07-17,161280.34052750253,3024000.0,DataBridge Integration Tool
1763.0,96,8,1.0,2022-10-28,162696.45260375572,151200.0,
1771.0,18,16,16.0,2023-11-27,116741.02314073392,1808800.0,
1773.0,9,16,20.0,2021-08-21,,2021600.0,
1778.0,13,19,18.0,2022-11-20,96580.58786562111,1808800.0,EcoNomix Modeler
1782.0,9,20,8.0,2020-11-24,219938.83504683577,2016000.0,FinSphere Intelligence Suite
,9,17,2.0,2021-07-13,166288.5187675458,332577.0375350916,RealTime Revenue
1798.0,39,2,10.0,2023-05-04,173419.02672193182,1848000.0,MarketMinder Analytics
1804.0,99,4,7.0,2024-06-14,134059.3260646156,938415.2824523092,CustomerScope Insights
1810.0,89,9,9.0,2022-10-29,104613.203211453,1120000.0,Product 9
1821.0,15,16,13.0,2023-02-26,106462.2127498744,1384008.7657483672,
1824.0,23,12,9.0,2023-03-17,86840.56827620053,840000.0,BudgetMaster Pro
1833.0,77,8,11.0,2022-12-15,,1814400.0,
1846.0,33,11,13.0,2024-10-06,169598.86044971764,2195200.0,OptiFlow Automation
1847.0,95,5,2.0,2023-01-27,85944.8220042241,168000.0,SalesSync Optimizer
1867.0,69,19,2.0,2024-06-19,88692.20261455268,177384.40522910535,EcoNomix Modeler
1869.0,99,8,16.0,2024-04-01,148741.2500241655,2268000.0,
1874.0,73,18,20.0,2022-02-16,128598.65923859252,2553600.0,DashSync Analytics Hub
1885.0,66,7,15.0,2024-03-17,151200.0,2419200.0,DataBridge Integration Tool
1894.0,8,6,17.0,2021-01-03,188576.3006600573,3046400.0,RevenueVue Dashboard
,63,7,10.0,2023-10-21,150065.69293094738,1360800.0,DataBridge Integration Tool
1906.0,74,16,19.0,2022-03-01,,2128000.0,
1927.0,38,12,3.0,2021-01-10,87875.14452203503,252000.0,BudgetMaster Pro
1929.0,6,14,15.0,2022-12-05,128800.0,1932000.0,InsightMax Insights Platform
,21,17,6.0,2023-09-12,176223.7089619833,1008000.0,RealTime Revenue
1942.0,46,11,15.0,2020-11-28,148743.86513143158,2195200.0,OptiFlow Automation
,13,19,17.0,2023-04-11,97511.08761742942,1657688.4894963002,EcoNomix Modeler
1961.0,15,11,8.0,2024-03-27,163496.16245332707,1254400.0,OptiFlow Automation
1963.0,41,8,10.0,2024-02-21,,1663200.0,
1967.0,73,2,9.0,2022-08-23,160602.55811747324,1512000.0,MarketMinder Analytics
,49,18,19.0,2023-10-13,141766.1825965504,2419200.0,DashSync Analytics Hub
1980.0,33,19,7.0,2021-11-12,98405.78823888484,666400.0,EcoNomix Modeler
1982.0,34,4,8.0,2024-05-01,114784.79117213252,918278.3293770602,CustomerScope Insights
1993.0,71,19,15.0,2022-05-18,97747.2126060649,1466208.1890909735,EcoNomix Modeler
1996.0,100,13,2.0,2023-04-23,204590.2464013792,392000.0,ForecastXcelerator 
1999.0,48,10,13.0,2021-03-26,90154.756108729,1075200.0,SegmentX Targeting
2002.0,20,11,6.0,2021-10-05,164422.2294901832,940800.0,OptiFlow Automation
,12,11,7.0,2021-06-15,153235.89063740408,1097600.0,OptiFlow Automation
2011.0,14,20,14.0,2024-05-23,239968.09033373505,3359553.2646722905,FinSphere Intelligence Suite
2012.0,40,14,12.0,2021-04-10,128429.05578982264,1674400.0,InsightMax Insights Platform
2023.0,5,14,4.0,2020-11-27,128800.0,515200.0,InsightMax Insights Platform
2028.0,66,4,13.0,2021-01-06,117320.18576366352,1601600.0,CustomerScope Insights
2045.0,17,11,13.0,2022-04-26,146274.65502496212,1881600.0,OptiFlow Automation
2054.0,33,12,13.0,2022-10-13,91601.45064423545,1176000.0,BudgetMaster Pro
2058.0,10,4,11.0,2024-01-01,121793.34242806668,1232000.0,CustomerScope Insights
2060.0,54,8,4.0,2022-08-12,154229.28405376614,616917.1362150646,
2065.0,55,5,4.0,2022-11-13,85954.44499249813,343817.7799699925,SalesSync Optimizer
2068.0,67,18,9.0,2022-06-07,136251.63460025386,1075200.0,DashSync Analytics Hub
2070.0,95,3,4.0,2024-08-03,96104.794061292,403200.0,TrendWise Forecaster
2075.0,25,18,2.0,2023-11-01,143001.1592597814,268800.0,DashSync Analytics Hub
2093.0,88,9,4.0,2020-12-30,112000.0,448000.0,Product 9
,70,8,7.0,2021-07-22,141279.60642851327,907200.0,
2105.0,28,10,19.0,2021-05-25,89600.0,1702400.0,SegmentX Targeting
2113.0,20,19,8.0,2024-01-18,90997.18621511814,666400.0,EcoNomix Modeler
2115.0,15,19,3.0,2021-10-02,103093.58974522311,309280.76923566934,EcoNomix Modeler
2116.0,22,19,21.0,2022-03-26,95655.48453140214,1904000.0,EcoNomix Modeler
2131.0,66,18,13.0,2021-10-17,122605.85388130628,1612800.0,DashSync Analytics Hub
,34,16,2.0,2024-01-12,108771.43164723444,212800.0,
2134.0,13,16,5.0,2023-08-21,100993.83488843348,532000.0,
2142.0,18,10,5.0,2020-11-18,98490.43208317258,537600.0,SegmentX Targeting
2150.0,9,10,19.0,2023-12-27,80815.72649246675,1612800.0,SegmentX Targeting
2153.0,52,16,12.0,2023-05-31,110798.84826618436,1276800.0,
2165.0,67,8,13.0,2024-02-01,144043.7739745913,1814400.0,
2170.0,85,5,2.0,2022-06-11,85021.06586330429,170042.13172660858,SalesSync Optimizer
2174.0,72,7,16.0,2023-05-18,142604.5642012899,2268000.0,DataBridge Integration Tool
,73,3,9.0,2024-08-21,96594.80280774704,806400.0,TrendWise Forecaster
2192.0,33,1,3.0,2024-10-27,130099.99666326508,390299.98998979526,FinPredictor Suite
2194.0,45,12,4.0,2022-05-26,80974.76232073164,336000.0,BudgetMaster Pro
2200.0,80,18,3.0,2023-01-02,141269.2244355504,423807.6733066512,DashSync Analytics Hub
2210.0,4,15,4.0,2022-05-17,102645.5331360478,410582.1325441912,NexGen Segmentator
2216.0,76,9,21.0,2023-05-24,122094.27821462564,2240000.0,Product 9
2220.0,60,5,13.0,2022-11-15,87793.4925497176,1176000.0,SalesSync Optimizer
2225.0,76,13,14.0,2023-11-09,200843.56784730343,2548000.0,ForecastXcelerator 
2226.0,20,11,11.0,2021-11-22,156800.0,1724800.0,OptiFlow Automation
2227.0,12,16,13.0,2022-08-03,99738.14364375616,1489600.0,
2230.0,89,11,5.0,2024-02-06,156800.0,784000.0,OptiFlow Automation
2238.0,9,20,16.0,2022-05-04,201797.95355549216,3808000.0,FinSphere Intelligence Suite
2241.0,11,10,1.0,2022-02-02,92996.65245487848,89600.0,SegmentX Targeting
2261.0,64,5,8.0,2021-01-08,88914.07221871437,756000.0,SalesSync Optimizer
2263.0,84,10,7.0,2022-02-19,88419.94345713322,618939.6041999325,SegmentX Targeting
2266.0,80,6,13.0,2021-09-04,177237.76398542378,2329600.0,RevenueVue Dashboard
2267.0,91,14,1.0,2022-06-20,128800.0,128800.0,InsightMax Insights Platform
2270.0,37,17,17.0,2024-01-10,166135.65291708885,3024000.0,RealTime Revenue
2271.0,85,16,18.0,2023-06-30,101873.2396693464,2021600.0,
2283.0,62,19,20.0,2021-05-10,92939.35127268736,1858787.0254537473,EcoNomix Modeler
2287.0,36,17,10.0,2021-11-08,176698.94540605674,1848000.0,RealTime Revenue
2291.0,93,1,14.0,2024-05-21,129197.01029449356,2100000.0,FinPredictor Suite
2293.0,63,5,17.0,2023-08-08,84000.0,1512000.0,SalesSync Optimizer
2306.0,33,14,9.0,2023-02-05,140855.5172593239,1159200.0,InsightMax Insights Platform
2313.0,41,5,10.0,2024-10-09,85124.84518070721,840000.0,SalesSync Optimizer
2314.0,45,1,5.0,2022-05-04,146934.24472862203,734671.2236431101,FinPredictor Suite
2333.0,87,3,9.0,2024-10-23,100423.58663835491,806400.0,TrendWise Forecaster
2340.0,67,11,17.0,2024-09-28,148608.07960348093,2508800.0,OptiFlow Automation
2355.0,64,2,13.0,2021-03-01,161345.00004304567,2352000.0,MarketMinder Analytics
2357.0,70,2,8.0,2021-08-20,169334.81205552432,1512000.0,MarketMinder Analytics
2360.0,17,8,12.0,2023-07-07,155884.12530662588,1965600.0,
2378.0,95,5,2.0,2021-12-04,90082.07959965058,180164.15919930115,SalesSync Optimizer
2379.0,61,5,3.0,2021-11-06,84814.10019656738,254442.30058970215,SalesSync Optimizer
2385.0,85,1,3.0,2021-06-12,140080.48917828858,420241.4675348657,FinPredictor Suite
,10,16,11.0,2023-10-10,111769.55726778244,1276800.0,
2402.0,85,17,5.0,2020-11-26,161514.4454036857,807572.2270184285,RealTime Revenue
2407.0,89,19,4.0,2022-10-08,99762.11248986752,380800.0,EcoNomix Modeler
2408.0,18,16,8.0,2021-06-15,98545.38945419004,788363.1156335203,
2415.0,40,19,13.0,2023-05-15,95054.71362302537,1142400.0,EcoNomix Modeler
2418.0,55,12,5.0,2022-04-29,78146.41222745247,336000.0,BudgetMaster Pro
,29,5,5.0,2021-09-28,84000.0,504000.0,SalesSync Optimizer
2425.0,61,15,19.0,2022-06-08,110827.01816100192,1814400.0,NexGen Segmentator
2426.0,25,4,2.0,2021-09-06,127218.10583730016,254436.21167460032,CustomerScope Insights
2434.0,11,8,19.0,2024-04-09,160170.25311784665,2872800.0,
2445.0,94,2,7.0,2022-06-16,156834.92239113824,1176000.0,MarketMinder Analytics
2452.0,96,10,20.0,2024-09-04,86569.01596523062,1792000.0,SegmentX Targeting
2458.0,67,16,17.0,2022-08-08,97907.41988378404,1702400.0,
,75,15,13.0,2021-03-24,99436.068672035,1411200.0,NexGen Segmentator
2477.0,31,15,7.0,2022-05-18,100717.17496762154,705600.0,NexGen Segmentator
2481.0,32,11,17.0,2023-02-04,143748.4994130597,2822400.0,OptiFlow Automation
2484.0,15,14,8.0,2023-01-01,139427.20222840089,1030400.0,InsightMax Insights Platform
2489.0,91,11,3.0,2024-07-14,164716.1733039989,470400.0,OptiFlow Automation
2496.0,79,16,7.0,2024-09-18,,851200.0,
2513.0,72,10,2.0,2021-08-21,91583.11758918456,183166.23517836913,SegmentX Targeting
2531.0,21,12,2.0,2024-06-18,86435.6072006749,172871.2144013498,BudgetMaster Pro
,48,14,2.0,2021-11-30,116927.78706612464,233855.57413224928,InsightMax Insights Platform
2552.0,49,13,13.0,2023-09-05,191791.9645722411,2352000.0,ForecastXcelerator 
2555.0,53,1,16.0,2024-03-07,147280.8766919374,2100000.0,FinPredictor Suite
2559.0,34,6,6.0,2022-09-25,161454.9411497516,896000.0,RevenueVue Dashboard
2566.0,30,6,6.0,2022-08-29,177356.91830062252,1075200.0,RevenueVue Dashboard
2576.0,33,12,3.0,2022-06-15,91719.63771215228,252000.0,BudgetMaster Pro
2577.0,88,3,15.0,2024-09-11,96644.21739726902,1612800.0,TrendWise Forecaster
2580.0,80,11,20.0,2023-01-21,156823.76946204607,2979200.0,OptiFlow Automation
2584.0,100,14,6.0,2024-01-06,123626.92093018725,741761.5255811235,InsightMax Insights Platform
2600.0,10,15,20.0,2022-09-18,94077.7053266156,1915200.0,NexGen Segmentator
2605.0,44,16,1.0,2024-07-29,105745.10301055336,105745.10301055336,
2607.0,24,4,12.0,2023-11-23,111639.59927922548,1601600.0,CustomerScope Insights
2608.0,71,7,20.0,2021-03-31,151200.0,3024000.0,DataBridge Integration Tool
2609.0,43,17,8.0,2023-05-18,178368.4965905207,1176000.0,RealTime Revenue
2620.0,16,15,3.0,2023-04-13,100192.42169716084,300577.26509148255,NexGen Segmentator
2629.0,29,13,10.0,2022-06-16,179699.77079000353,1796997.7079000352,ForecastXcelerator 
2632.0,20,5,6.0,2021-07-26,84612.48255225417,420000.0,SalesSync Optimizer
,7,12,17.0,2022-07-17,90533.55181918968,1344000.0,BudgetMaster Pro
2635.0,23,13,7.0,2024-08-27,180300.03229661196,1176000.0,ForecastXcelerator 
2641.0,30,1,10.0,2020-11-05,152598.86627108784,1260000.0,FinPredictor Suite
2651.0,79,4,5.0,2023-04-14,120691.77927300528,492800.0,CustomerScope Insights
2655.0,87,10,12.0,2022-04-20,91028.0325058286,985600.0,SegmentX Targeting
2656.0,8,17,16.0,2024-06-30,158381.6895529974,2688000.0,RealTime Revenue
2659.0,60,12,12.0,2023-08-11,76128.93808837915,1008000.0,BudgetMaster Pro
2671.0,7,8,7.0,2022-01-02,157153.5325506385,907200.0,
2677.0,54,4,6.0,2023-03-03,113480.74921807976,680884.4953084786,CustomerScope Insights
2694.0,20,18,12.0,2021-10-11,139374.0907725057,1478400.0,DashSync Analytics Hub
2700.0,52,7,8.0,2023-10-19,153806.52358952828,1058400.0,DataBridge Integration Tool
,68,11,17.0,2024-06-11,157842.3901740356,2665600.0,OptiFlow Automation
2710.0,87,19,4.0,2023-10-13,100855.96511368168,380800.0,EcoNomix Modeler
2717.0,95,15,8.0,2023-09-16,97561.3517890952,806400.0,NexGen Segmentator
2721.0,46,4,19.0,2024-10-10,122247.9821792454,2464000.0,CustomerScope Insights
2726.0,76,2,4.0,2024-02-16,167103.78206479878,668415.1282591951,MarketMinder Analytics
2731.0,48,16,3.0,2021-07-12,110977.85635607384,332933.5690682215,
2741.0,59,16,3.0,2021-05-13,99318.65251317497,297955.9575395249,
,29,3,6.0,2021-08-08,105650.65535881356,604800.0,TrendWise Forecaster
2755.0,38,1,3.0,2021-02-08,132069.1078921938,396207.3236765814,FinPredictor Suite
2756.0,43,18,20.0,2023-09-10,124078.79489142828,2688000.0,DashSync Analytics Hub
2757.0,23,1,3.0,2023-01-16,143528.93295993836,420000.0,FinPredictor Suite
2768.0,5,10,15.0,2024-10-25,97303.92841292742,1459558.9261939113,SegmentX Targeting
2769.0,100,8,13.0,2022-05-31,161830.19734178795,1814400.0,
2778.0,25,4,4.0,2022-12-13,123200.0,492800.0,CustomerScope Insights
2779.0,86,9,13.0,2024-01-20,109148.5239033083,1344000.0,Product 9
2787.0,28,13,19.0,2021-01-18,196413.81353802676,3920000.0,ForecastXcelerator 
,50,1,14.0,2024-03-08,146059.73158393215,1960000.0,FinPredictor Suite
2796.0,60,5,19.0,2022-04-15,79508.94637744615,1512000.0,SalesSync Optimizer
2808.0,100,19,18.0,2024-03-15,90368.76949707408,1618400.0,EcoNomix Modeler
2809.0,81,20,16.0,2021-11-02,224000.0,3360000.0,FinSphere Intelligence Suite
2815.0,50,13,9.0,2024-06-15,186994.77120864103,1568000.0,ForecastXcelerator 
2817.0,23,13,17.0,2023-07-03,187040.9673536149,3136000.0,ForecastXcelerator 
2821.0,30,19,13.0,2023-03-18,90555.90151253818,1142400.0,EcoNomix Modeler
,82,11,10.0,2023-06-17,172101.0261942333,1411200.0,OptiFlow Automation
2834.0,85,5,8.0,2022-12-07,76138.72774795264,609109.8219836211,SalesSync Optimizer
2849.0,29,7,13.0,2023-02-19,145571.01219629942,1965600.0,DataBridge Integration Tool
2850.0,19,20,1.0,2020-11-17,242371.25113016585,224000.0,FinSphere Intelligence Suite
2858.0,54,3,2.0,2023-03-23,107413.1812073304,214826.3624146608,TrendWise Forecaster
2878.0,56,1,16.0,2022-09-26,143467.32048539649,2380000.0,FinPredictor Suite
2889.0,81,6,11.0,2022-10-25,173430.05859731397,1792000.0,RevenueVue Dashboard
2893.0,57,1,16.0,2022-08-21,148103.19692374734,2380000.0,FinPredictor Suite
2899.0,15,17,5.0,2021-01-13,170730.9454889427,853654.7274447135,RealTime Revenue
2903.0,67,17,2.0,2021-08-27,151202.38752135332,302404.77504270663,RealTime Revenue
2911.0,95,11,2.0,2022-07-05,168497.31626834805,313600.0,OptiFlow Automation
2915.0,49,8,13.0,2022-09-27,159376.94017719303,1814400.0,
2916.0,52,18,4.0,2022-01-17,144464.48622585452,672000.0,DashSync Analytics Hub
2921.0,63,14,18.0,2021-10-10,131439.23928008004,2189600.0,InsightMax Insights Platform
2932.0,13,18,14.0,2022-04-01,132500.90193585737,1747200.0,DashSync Analytics Hub
2933.0,42,9,8.0,2024-03-06,112000.0,1008000.0,Product 9
2934.0,1,12,17.0,2024-07-10,83421.34187879211,1512000.0,BudgetMaster Pro
2939.0,42,19,3.0,2021-10-08,89231.63100464002,267694.89301392005,EcoNomix Modeler
,23,19,2.0,2023-01-18,90729.27641776772,181458.55283553543,EcoNomix Modeler
2957.0,42,12,4.0,2021-03-14,76467.96412802876,252000.0,BudgetMaster Pro
2959.0,77,3,6.0,2023-11-23,109246.61410015986,705600.0,TrendWise Forecaster
2960.0,52,16,15.0,2024-05-20,,1596000.0,
2962.0,15,15,18.0,2023-05-19,106975.46004351135,1814400.0,NexGen Segmentator
2970.0,87,13,16.0,2021-03-16,196000.0,3332000.0,ForecastXcelerator 
,5,11,13.0,2021-07-21,156800.0,2195200.0,OptiFlow Automation
2991.0,94,9,13.0,2023-05-27,115257.96729253272,1344000.0,Product 9
2992.0,50,20,12.0,2022-04-18,220494.24537173376,2912000.0,FinSphere Intelligence Suite
2995.0,5,3,9.0,2023-12-26,93514.40300937304,841629.6270843573,TrendWise Forecaster
2997.0,24,1,21.0,2024-07-20,145857.11196560398,3062999.3512776834,FinPredictor Suite
3001.0,65,19,10.0,2022-09-12,97265.475531681,856800.0,EcoNomix Modeler
3002.0,29,16,2.0,2021-05-13,106576.16048273195,213152.3209654639,
3005.0,75,5,17.0,2023-05-16,90481.44413059484,1344000.0,SalesSync Optimizer
3007.0,17,8,10.0,2022-04-30,155798.855963589,1512000.0,
3009.0,13,16,14.0,2023-07-13,102032.99021639596,1428461.8630295435,
3011.0,70,11,11.0,2023-09-30,169185.87759554852,1724800.0,OptiFlow Automation
3013.0,65,11,13.0,2024-09-29,150453.61658512888,2038400.0,OptiFlow Automation
3014.0,62,4,16.0,2022-11-19,123200.0,1971200.0,CustomerScope Insights
3015.0,84,10,14.0,2021-04-28,95067.74951025056,1344000.0,SegmentX Targeting
3017.0,82,18,17.0,2021-01-22,143575.91322723945,2284800.0,DashSync Analytics Hub
3019.0,18,19,3.0,2023-07-19,101409.57371924358,304228.72115773073,EcoNomix Modeler
3024.0,11,11,21.0,2022-10-18,151052.53965886202,3136000.0,OptiFlow Automation
,3,5,7.0,2023-07-12,81349.54783844507,672000.0,SalesSync Optimizer
3039.0,80,12,12.0,2021-10-14,76550.32122608759,1092000.0,BudgetMaster Pro
3046.0,88,8,5.0,2022-03-06,137787.12676839958,688935.633841998,
3051.0,50,6,3.0,2022-07-03,180420.47077861585,541261.4123358475,RevenueVue Dashboard
3064.0,73,12,7.0,2022-01-04,82671.11076037554,672000.0,BudgetMaster Pro
3079.0,45,7,10.0,2021-05-30,146703.44966494,1360800.0,DataBridge Integration Tool
3081.0,80,14,9.0,2023-06-06,140077.03255252965,1159200.0,InsightMax Insights Platform
3086.0,23,3,7.0,2024-03-30,92731.64407543748,705600.0,TrendWise Forecaster
3089.0,41,13,7.0,2023-10-17,187463.66633007015,1372000.0,ForecastXcelerator 
3105.0,44,10,19.0,2021-03-07,81504.68975964635,1612800.0,SegmentX Targeting
3108.0,39,20,10.0,2021-02-21,204602.1713162615,2016000.0,FinSphere Intelligence Suite
3109.0,62,3,12.0,2022-10-30,100800.0,1108800.0,TrendWise Forecaster
3115.0,73,19,1.0,2024-01-14,89593.38517612156,89593.38517612156,EcoNomix Modeler
3125.0,75,11,20.0,2021-11-18,141227.58772472065,3136000.0,OptiFlow Automation
3135.0,39,11,15.0,2021-08-05,142578.7532101817,2138681.298152725,OptiFlow Automation
3142.0,88,11,20.0,2022-04-03,159987.69130443048,3199753.8260886096,OptiFlow Automation
3154.0,85,4,21.0,2021-05-23,113195.33286425384,2464000.0,CustomerScope Insights
3158.0,93,19,17.0,2024-05-24,95200.0,1523200.0,EcoNomix Modeler
,91,15,14.0,2024-05-21,109618.40098088124,1512000.0,NexGen Segmentator
3176.0,13,17,18.0,2021-05-20,168241.4597582314,2856000.0,RealTime Revenue
3179.0,63,16,20.0,2024-06-15,99960.04661753702,2128000.0,
3185.0,64,16,15.0,2023-06-27,104613.48920625048,1702400.0,
3189.0,3,7,2.0,2023-06-15,143691.12069947895,302400.0,DataBridge Integration Tool
3190.0,98,11,2.0,2023-12-09,158149.83916871707,316299.67833743413,OptiFlow Automation
3191.0,22,14,5.0,2022-06-06,131939.1791796752,659695.895898376,InsightMax Insights Platform
3195.0,70,8,5.0,2022-10-03,143673.8884486423,604800.0,
3199.0,97,20,18.0,2022-07-15,243691.96391256063,4386455.350426092,FinSphere Intelligence Suite
3210.0,97,15,13.0,2021-06-27,91799.75258300596,1209600.0,NexGen Segmentator
3218.0,75,8,5.0,2021-08-10,165433.763196201,827168.8159810051,
3223.0,7,20,13.0,2022-01-12,210691.0576540862,2912000.0,FinSphere Intelligence Suite
3227.0,50,17,7.0,2022-02-18,169692.64817333678,1176000.0,RealTime Revenue
3228.0,59,8,4.0,2021-04-22,140165.6936222384,604800.0,
3234.0,91,4,19.0,2024-08-10,122732.55211521432,2217600.0,CustomerScope Insights
3237.0,81,8,20.0,2021-03-15,165232.7253676776,2872800.0,
3252.0,94,10,12.0,2024-01-15,82054.8046577747,985600.0,SegmentX Targeting
3264.0,62,14,2.0,2021-11-05,127628.1019574381,255256.2039148762,InsightMax Insights Platform
3269.0,77,14,7.0,2021-12-16,127045.86077133376,901600.0,InsightMax Insights Platform
3283.0,20,5,1.0,2021-02-01,84000.0,84000.0,SalesSync Optimizer
3293.0,29,2,6.0,2024-06-14,167443.4497320169,1004660.6983921013,MarketMinder Analytics
3294.0,27,13,1.0,2021-03-25,203302.50953499653,196000.0,ForecastXcelerator 
3305.0,81,9,2.0,2023-05-11,115916.50629790768,231833.01259581535,Product 9
3306.0,95,11,15.0,2021-04-19,146766.594270636,2195200.0,OptiFlow Automation
,34,12,9.0,2021-03-10,77415.72383597167,696741.514523745,BudgetMaster Pro
3313.0,93,5,7.0,2021-02-23,76284.72197071159,588000.0,SalesSync Optimizer
,91,18,6.0,2021-11-30,130701.81471865428,784210.8883119257,DashSync Analytics Hub
,95,2,5.0,2021-12-29,162337.0664744828,811685.332372414,MarketMinder Analytics
3317.0,2,13,1.0,2023-05-09,211752.25844408432,196000.0,ForecastXcelerator 
3318.0,4,9,4.0,2020-12-17,108512.78641829312,448000.0,Product 9
,21,3,8.0,2023-02-07,103428.92717667256,705600.0,TrendWise Forecaster
3335.0,30,6,18.0,2022-04-28,177814.36399486172,3046400.0,RevenueVue Dashboard
3342.0,49,3,11.0,2023-05-16,108109.92825543914,1209600.0,TrendWise Forecaster
3351.0,42,5,19.0,2023-08-01,86015.16985123945,1680000.0,SalesSync Optimizer
3366.0,13,1,13.0,2022-10-02,126479.5187073172,1680000.0,FinPredictor Suite
3369.0,12,5,18.0,2023-01-29,87169.55238577507,1428000.0,SalesSync Optimizer
3373.0,4,11,2.0,2023-08-02,153786.6248892437,307573.2497784874,OptiFlow Automation
3376.0,10,15,12.0,2021-05-28,90881.32733826268,1090575.928059152,NexGen Segmentator
,85,2,9.0,2023-06-17,164617.00161008956,1680000.0,MarketMinder Analytics
3387.0,63,7,3.0,2021-10-26,151200.0,453600.0,DataBridge Integration Tool
3392.0,67,4,2.0,2021-04-20,123037.1770137574,246400.0,CustomerScope Insights
3401.0,56,20,2.0,2021-01-08,204332.02137722092,408664.04275444185,FinSphere Intelligence Suite
,33,7,8.0,2023-04-05,140278.9502988361,1058400.0,DataBridge Integration Tool
3403.0,62,10,12.0,2022-04-21,97595.04428087376,1164800.0,SegmentX Targeting
3407.0,59,2,1.0,2024-04-01,160228.24700914233,160228.24700914233,MarketMinder Analytics
3421.0,71,6,20.0,2023-04-09,162611.48675510354,3584000.0,RevenueVue Dashboard
3428.0,92,11,17.0,2022-06-12,147632.39850792283,2509750.774634688,OptiFlow Automation
3439.0,19,12,13.0,2024-03-20,85880.68266482295,1176000.0,BudgetMaster Pro
3452.0,38,10,7.0,2021-07-26,98454.50883651651,716800.0,SegmentX Targeting
3458.0,82,14,15.0,2021-07-17,140184.65776697744,1932000.0,InsightMax Insights Platform
3464.0,38,14,16.0,2021-04-17,139009.38034652692,2189600.0,InsightMax Insights Platform
,51,11,13.0,2022-03-11,156800.0,1881600.0,OptiFlow Automation
,7,5,3.0,2021-04-04,84000.0,252000.0,SalesSync Optimizer
3486.0,89,8,9.0,2023-09-18,137848.9234454749,1240640.311009274,
3495.0,6,14,13.0,2023-09-21,128800.0,1803200.0,InsightMax Insights Platform
3499.0,60,8,17.0,2023-08-10,148654.1898132732,2570400.0,
3507.0,53,18,19.0,2021-07-25,134400.0,2688000.0,DashSync Analytics Hub
3511.0,82,17,16.0,2023-08-27,181548.1789520988,2520000.0,RealTime Revenue
3518.0,57,14,5.0,2021-07-24,140599.98995227253,772800.0,InsightMax Insights Platform
3525.0,9,15,12.0,2021-02-02,109220.86947520968,1209600.0,NexGen Segmentator
3533.0,1,19,4.0,2020-12-08,102520.76519552698,410083.06078210793,EcoNomix Modeler
3542.0,65,7,11.0,2022-07-11,138804.4781555259,1814400.0,DataBridge Integration Tool
3554.0,3,9,15.0,2024-04-29,105370.87554396568,1568000.0,Product 9
3558.0,63,6,6.0,2020-12-09,174606.461505691,1075200.0,RevenueVue Dashboard
3571.0,87,3,4.0,2022-06-16,95241.32679961588,380965.30719846353,TrendWise Forecaster
3572.0,3,5,9.0,2022-06-08,84000.0,840000.0,SalesSync Optimizer
3578.0,79,18,16.0,2024-06-12,144941.50091426316,2150400.0,DashSync Analytics Hub
,56,2,19.0,2022-02-28,172523.4981123268,3360000.0,MarketMinder Analytics
,23,4,6.0,2023-06-27,113443.2783688292,680659.6702129752,CustomerScope Insights
,36,10,7.0,2024-05-17,86366.28200856493,537600.0,SegmentX Targeting
3601.0,78,11,18.0,2023-02-19,165656.88793346463,2665600.0,OptiFlow Automation
,52,7,20.0,2022-01-15,165157.59934034586,2872800.0,DataBridge Integration Tool
3608.0,88,18,20.0,2024-08-03,134400.0,2688000.0,DashSync Analytics Hub
3616.0,15,19,12.0,2020-11-27,86819.85281468373,1047200.0,EcoNomix Modeler
3619.0,49,17,16.0,2021-04-27,168000.0,2856000.0,RealTime Revenue
,43,9,2.0,2023-01-24,101384.26748921604,202768.5349784321,Product 9
,74,2,1.0,2024-06-02,151988.79762186966,151988.79762186966,MarketMinder Analytics
3627.0,14,4,7.0,2023-01-06,130199.93668101006,862400.0,CustomerScope Insights
3628.0,48,5,6.0,2021-09-01,84126.90072067043,504000.0,SalesSync Optimizer
3645.0,42,11,6.0,2023-03-22,157932.57636003516,784000.0,OptiFlow Automation
3651.0,73,8,14.0,2022-01-16,156265.99590290867,2268000.0,
3652.0,56,10,19.0,2024-09-28,88417.57145201272,1702400.0,SegmentX Targeting
,11,12,7.0,2023-12-27,84000.0,588000.0,BudgetMaster Pro
3668.0,88,1,8.0,2023-11-27,140000.0,1120000.0,FinPredictor Suite
3671.0,57,6,4.0,2022-09-30,190139.56233194924,896000.0,RevenueVue Dashboard
3677.0,81,17,18.0,2021-02-07,181869.19937650525,2856000.0,RealTime Revenue
3681.0,76,7,2.0,2023-01-26,154374.59652727633,308749.19305455266,DataBridge Integration Tool
3683.0,88,9,16.0,2022-12-26,121358.15813541152,1680000.0,Product 9
3686.0,88,2,20.0,2022-06-11,168000.0,3192000.0,MarketMinder Analytics
3688.0,49,9,13.0,2021-08-28,108953.86276573347,1456000.0,Product 9
3690.0,38,1,2.0,2021-10-22,130292.921453918,280000.0,FinPredictor Suite
,21,18,21.0,2022-02-22,142451.59970649343,2688000.0,DashSync Analytics Hub
3705.0,65,15,16.0,2024-01-31,100800.0,1713600.0,NexGen Segmentator
3706.0,43,3,15.0,2023-05-23,107174.60502751148,1411200.0,TrendWise Forecaster
3708.0,50,8,9.0,2021-04-02,144315.12260837035,1512000.0,
3709.0,85,9,13.0,2023-06-19,115651.08411267282,1503464.0934647466,Product 9
3714.0,45,5,12.0,2021-08-30,88903.48226176456,1066841.7871411745,SalesSync Optimizer
3716.0,56,11,7.0,2023-12-10,156800.0,1097600.0,OptiFlow Automation
3717.0,99,15,21.0,2023-09-14,105293.80516179543,2016000.0,NexGen Segmentator
3734.0,45,3,9.0,2024-08-13,101774.60071323458,907200.0,TrendWise Forecaster
3737.0,19,1,11.0,2023-04-08,147685.35737416832,1400000.0,FinPredictor Suite
3741.0,99,3,8.0,2022-06-30,101952.33588893004,806400.0,TrendWise Forecaster
3744.0,78,1,12.0,2021-12-08,140000.0,1820000.0,FinPredictor Suite
3754.0,79,16,21.0,2022-11-07,96503.6715228365,2128000.0,
3758.0,44,7,11.0,2021-04-03,151200.0,1814400.0,DataBridge Integration Tool
3764.0,84,7,8.0,2022-09-26,141614.77274847197,1132918.1819877757,DataBridge Integration Tool
,86,12,4.0,2022-01-22,84000.0,336000.0,BudgetMaster Pro
3768.0,6,9,20.0,2021-04-21,115667.9014901592,2240000.0,Product 9
3786.0,95,18,16.0,2021-11-17,144064.65663420525,2284800.0,DashSync Analytics Hub
,70,16,11.0,2024-07-13,,,
3792.0,4,1,14.0,2024-05-12,140141.67440557908,1960000.0,FinPredictor Suite
3795.0,97,17,14.0,2021-07-08,155464.634913367,2352000.0,RealTime Revenue
,31,17,9.0,2023-09-04,180443.95295631167,1680000.0,RealTime Revenue
3804.0,81,15,6.0,2022-03-02,93848.79200140091,563092.7520084055,NexGen Segmentator
3807.0,75,11,9.0,2020-11-28,147477.1547061362,1254400.0,OptiFlow Automation
3814.0,59,5,9.0,2023-11-22,89477.64476933578,756000.0,SalesSync Optimizer
3828.0,38,1,12.0,2022-10-25,136892.38009156304,1820000.0,FinPredictor Suite
,18,20,15.0,2022-01-14,202329.19650152003,3584000.0,FinSphere Intelligence Suite
3836.0,92,6,12.0,2022-04-29,166603.01063004948,1971200.0,RevenueVue Dashboard
3851.0,25,2,19.0,2022-11-19,161429.41731079348,3024000.0,MarketMinder Analytics
3857.0,6,19,6.0,2021-03-31,92344.61883480327,571200.0,EcoNomix Modeler
3864.0,92,12,9.0,2021-06-17,89163.9641591021,672000.0,BudgetMaster Pro
3870.0,30,11,19.0,2023-10-06,166453.31578929923,2822400.0,OptiFlow Automation
3872.0,21,7,6.0,2021-08-01,141566.14316014678,756000.0,DataBridge Integration Tool
3876.0,4,17,6.0,2023-11-07,176110.99662946048,1056665.979776763,RealTime Revenue
3877.0,14,2,8.0,2023-02-04,154964.9593184609,1176000.0,MarketMinder Analytics
3892.0,86,2,12.0,2024-02-25,153421.85631417372,2016000.0,MarketMinder Analytics
3897.0,34,5,4.0,2022-10-22,80333.65781608381,321334.63126433524,SalesSync Optimizer
3908.0,54,16,3.0,2022-05-19,99825.79613277358,299477.38839832076,
3919.0,77,18,1.0,2022-09-11,129269.8973176348,134400.0,DashSync Analytics Hub
3924.0,78,17,2.0,2021-02-21,156507.07379590307,313014.14759180613,RealTime Revenue
3927.0,21,11,17.0,2022-08-04,163998.4661830502,2822400.0,OptiFlow Automation
,19,6,17.0,2023-03-31,182510.81318516907,2867200.0,RevenueVue Dashboard
3929.0,39,3,5.0,2023-01-19,92939.41650138253,403200.0,TrendWise Forecaster
,62,10,6.0,2022-09-06,85602.03596930769,513612.2158158461,SegmentX Targeting
3938.0,77,5,4.0,2023-02-22,88708.42979137784,354833.7191655114,SalesSync Optimizer
,30,5,7.0,2021-03-05,89883.47221003985,629184.305470279,SalesSync Optimizer
3946.0,46,3,10.0,2021-12-26,99327.29620775422,907200.0,TrendWise Forecaster
3950.0,71,5,17.0,2022-12-12,79404.43970196015,1512000.0,SalesSync Optimizer
3951.0,16,6,1.0,2024-06-25,191498.8535569042,191498.8535569042,RevenueVue Dashboard
3958.0,92,14,12.0,2020-11-04,115991.42158501215,1391897.0590201458,InsightMax Insights Platform
3962.0,2,3,13.0,2024-08-14,109301.89287441812,1411200.0,TrendWise Forecaster
3965.0,62,3,8.0,2021-12-10,105097.04997240056,705600.0,TrendWise Forecaster
3977.0,88,20,16.0,2022-07-19,237856.5583397716,3360000.0,FinSphere Intelligence Suite
3980.0,94,16,10.0,2023-02-27,100200.3336476633,957600.0,
3987.0,74,16,21.0,2023-07-24,114459.12683709964,2128000.0,
3988.0,86,19,10.0,2022-11-13,90476.4332679667,952000.0,EcoNomix Modeler
4009.0,45,8,2.0,2024-08-29,139309.1091952426,302400.0,
4018.0,78,19,17.0,2023-09-20,94628.41556131934,1523200.0,EcoNomix Modeler
4019.0,63,19,4.0,2022-12-30,104023.4644520976,416093.8578083904,EcoNomix Modeler
4020.0,90,4,2.0,2024-02-05,133423.51819329234,266847.0363865847,CustomerScope Insights
4029.0,92,12,20.0,2023-06-07,76683.24243366241,1596000.0,BudgetMaster Pro
4033.0,24,5,11.0,2021-09-14,77164.20328602586,924000.0,SalesSync Optimizer
,8,18,19.0,2023-01-03,141592.71000687973,2553600.0,DashSync Analytics Hub
4042.0,45,4,19.0,2022-12-07,114321.9454555192,2340800.0,CustomerScope Insights
4045.0,15,14,1.0,2021-03-06,118658.03146254928,118658.03146254928,InsightMax Insights Platform
4059.0,1,5,17.0,2022-10-09,84925.6524723395,1443736.0920297715,SalesSync Optimizer
4063.0,32,14,5.0,2021-10-15,125698.48890161225,628492.4445080613,InsightMax Insights Platform
4070.0,56,11,8.0,2021-11-24,171106.187291865,1097600.0,OptiFlow Automation
,65,5,7.0,2022-04-19,90076.80876953104,588000.0,SalesSync Optimizer
4081.0,1,5,5.0,2022-06-09,77021.9533201742,385109.766600871,SalesSync Optimizer
,58,1,2.0,2023-12-12,133249.7243687772,266499.4487375544,FinPredictor Suite
4083.0,13,18,1.0,2022-12-25,122114.06954046732,122114.06954046732,DashSync Analytics Hub
4087.0,33,11,5.0,2020-11-30,172138.97372448532,860694.8686224266,OptiFlow Automation
4089.0,14,16,10.0,2021-09-20,106386.47896883132,1064000.0,
4098.0,2,7,4.0,2024-05-09,160598.63958266377,756000.0,DataBridge Integration Tool
4102.0,70,3,21.0,2020-12-16,100800.0,2016000.0,TrendWise Forecaster
4105.0,87,11,9.0,2021-07-09,171528.78227017727,1568000.0,OptiFlow Automation
4107.0,48,16,14.0,2020-11-25,97324.0497452133,1489600.0,
4109.0,53,6,16.0,2024-02-28,179200.0,2688000.0,RevenueVue Dashboard
4121.0,69,14,8.0,2021-10-13,134956.94385756511,901600.0,InsightMax Insights Platform
4129.0,52,3,17.0,2020-11-16,110821.29841117408,1814400.0,TrendWise Forecaster
4140.0,18,7,5.0,2022-12-16,143021.4048964591,715107.0244822955,DataBridge Integration Tool
4145.0,87,10,14.0,2021-06-06,83990.346902287,1164800.0,SegmentX Targeting
4146.0,61,2,18.0,2022-02-28,168000.0,3024000.0,MarketMinder Analytics
,27,9,12.0,2024-01-28,112000.0,1456000.0,Product 9
4165.0,75,12,11.0,2023-10-21,78430.45531301563,1008000.0,BudgetMaster Pro
4182.0,41,18,11.0,2023-02-09,144359.15810803135,1612800.0,DashSync Analytics Hub
4185.0,32,9,8.0,2024-08-25,111426.20849957631,1008000.0,Product 9
4199.0,63,16,5.0,2024-04-07,113765.99600807016,568829.9800403508,
4203.0,86,7,9.0,2023-06-02,141117.44151339174,1209600.0,DataBridge Integration Tool
4210.0,20,11,12.0,2021-11-02,166203.18339001157,1724800.0,OptiFlow Automation
4213.0,51,7,14.0,2023-08-01,161670.33855961403,1965600.0,DataBridge Integration Tool
4214.0,12,13,6.0,2020-12-20,184788.0764714765,1176000.0,ForecastXcelerator 
4233.0,73,14,15.0,2022-03-27,136702.43244876727,1803200.0,InsightMax Insights Platform
4235.0,12,19,11.0,2023-12-11,104522.6475382227,952000.0,EcoNomix Modeler
4245.0,16,4,17.0,2023-10-05,119824.679515785,1971200.0,CustomerScope Insights
4248.0,15,3,16.0,2023-02-27,100763.35472146078,1713600.0,TrendWise Forecaster
4258.0,1,6,13.0,2022-09-19,166112.87705784923,2159467.40175204,RevenueVue Dashboard
4259.0,67,6,19.0,2022-02-27,179200.0,3584000.0,RevenueVue Dashboard
,83,13,11.0,2024-04-30,177670.01513840337,1960000.0,ForecastXcelerator 
4262.0,65,9,14.0,2024-03-09,112064.43891950297,1456000.0,Product 9
4270.0,95,8,16.0,2022-01-26,159935.7017502985,2419200.0,
4272.0,86,14,6.0,2022-12-08,118771.39077907352,772800.0,InsightMax Insights Platform
4275.0,81,5,17.0,2023-11-30,91961.98376768286,1428000.0,SalesSync Optimizer
4300.0,36,8,17.0,2023-03-28,138542.5491468516,2721600.0,
4308.0,60,9,18.0,2022-02-21,111870.6034847503,2128000.0,Product 9
4309.0,85,13,12.0,2023-11-12,199275.9942989408,2548000.0,ForecastXcelerator 
,77,13,11.0,2023-12-15,204280.13544961368,2156000.0,ForecastXcelerator 
4319.0,89,17,18.0,2023-11-24,174023.2726242804,3024000.0,RealTime Revenue
4324.0,43,18,8.0,2021-10-28,127697.86108263912,940800.0,DashSync Analytics Hub
4326.0,10,13,12.0,2024-09-17,196000.0,2548000.0,ForecastXcelerator 
4329.0,28,10,5.0,2021-03-17,91571.0510891304,537600.0,SegmentX Targeting
4348.0,49,2,9.0,2022-11-01,160882.3565836149,1512000.0,MarketMinder Analytics
4363.0,86,6,15.0,2021-03-18,172909.17675058029,2508800.0,RevenueVue Dashboard
4365.0,21,13,6.0,2020-12-11,190906.81369908995,1145440.8821945398,ForecastXcelerator 
4367.0,9,12,19.0,2024-01-31,89699.0435761813,1596000.0,BudgetMaster Pro
4368.0,78,13,5.0,2023-05-05,181597.07471936903,784000.0,ForecastXcelerator 
4370.0,28,16,16.0,2023-08-27,97227.42869735272,1808800.0,
4374.0,73,13,12.0,2022-07-11,196000.0,2352000.0,ForecastXcelerator 
4387.0,17,16,5.0,2024-03-21,105986.23744835424,532000.0,
4391.0,100,6,13.0,2021-12-02,176391.57173199244,2508800.0,RevenueVue Dashboard
4405.0,9,20,21.0,2021-02-16,215802.1542292132,4480000.0,FinSphere Intelligence Suite
4433.0,86,12,19.0,2022-02-24,86584.29954367639,1596000.0,BudgetMaster Pro
4435.0,46,5,5.0,2022-05-01,80052.74914421921,336000.0,SalesSync Optimizer
4454.0,67,17,3.0,2020-11-18,183079.26880927343,504000.0,RealTime Revenue
4455.0,91,16,20.0,2021-03-20,111310.99061174077,2128000.0,
,94,6,13.0,2022-08-15,168154.00800538258,2329600.0,RevenueVue Dashboard
4466.0,93,11,19.0,2021-10-23,141569.5075394548,2822400.0,OptiFlow Automation
4473.0,22,5,2.0,2022-03-17,86614.91883411125,168000.0,SalesSync Optimizer
4485.0,68,14,6.0,2022-02-24,127673.5603666085,772800.0,InsightMax Insights Platform
4487.0,65,8,1.0,2021-11-04,155630.63971428302,155630.63971428302,
4488.0,99,12,15.0,2024-06-12,84857.5560747735,1344000.0,BudgetMaster Pro
4497.0,35,9,6.0,2024-09-19,115472.00431546508,784000.0,Product 9
4498.0,18,12,18.0,2023-05-18,83822.46221245229,1508804.3198241412,BudgetMaster Pro
4501.0,36,5,17.0,2024-05-07,85021.98903863328,1428000.0,SalesSync Optimizer
4507.0,31,7,4.0,2024-03-01,140857.35577614815,604800.0,DataBridge Integration Tool
4512.0,6,9,17.0,2022-01-20,108547.18053756544,1792000.0,Product 9
4515.0,96,4,7.0,2022-09-02,120884.36017697104,739200.0,CustomerScope Insights
4522.0,39,3,13.0,2024-08-02,100800.0,1209600.0,TrendWise Forecaster
4526.0,83,20,13.0,2022-12-18,208896.44013064555,2912000.0,FinSphere Intelligence Suite
4528.0,17,6,21.0,2024-04-17,192947.59763995584,3584000.0,RevenueVue Dashboard
4535.0,6,2,14.0,2023-12-16,168000.0,2352000.0,MarketMinder Analytics
4539.0,94,20,19.0,2021-10-24,211332.69233071653,4480000.0,FinSphere Intelligence Suite
,71,5,9.0,2023-01-18,82586.67102861365,743280.0392575229,SalesSync Optimizer
4546.0,43,19,14.0,2020-12-14,101097.1516441856,1428000.0,EcoNomix Modeler
4554.0,14,18,13.0,2021-08-16,124141.4338738783,1612800.0,DashSync Analytics Hub
4555.0,48,18,18.0,2023-12-10,131937.1450025503,2419200.0,DashSync Analytics Hub
4560.0,96,9,19.0,2020-12-18,118945.9360694398,2240000.0,Product 9
4568.0,11,10,12.0,2023-09-25,81503.5033791039,985600.0,SegmentX Targeting
4570.0,50,1,2.0,2021-11-30,149921.0614579452,299842.1229158904,FinPredictor Suite
4571.0,40,20,12.0,2023-02-04,224000.0,2688000.0,FinSphere Intelligence Suite
4580.0,83,18,9.0,2023-12-08,144179.940644613,1344000.0,DashSync Analytics Hub
4588.0,11,17,15.0,2023-11-17,164117.60877971086,2352000.0,RealTime Revenue
4594.0,18,20,6.0,2022-05-08,242517.5853267577,1455105.511960546,FinSphere Intelligence Suite
4597.0,24,14,11.0,2024-04-19,123578.823097761,1359367.054075371,InsightMax Insights Platform
4602.0,74,3,19.0,2021-06-25,108070.47623192843,1915200.0,TrendWise Forecaster
4608.0,48,10,17.0,2024-10-20,97314.56147748049,1433600.0,SegmentX Targeting
4634.0,20,8,1.0,2022-07-03,156322.38822409415,151200.0,
4640.0,16,7,5.0,2021-03-15,163855.65832287358,819278.2916143679,DataBridge Integration Tool
4642.0,56,10,3.0,2020-12-16,96263.9643289808,288791.89298694243,SegmentX Targeting
4644.0,9,18,10.0,2021-07-31,142380.13184929008,1478400.0,DashSync Analytics Hub
4648.0,93,2,19.0,2022-03-12,152134.88747880646,3024000.0,MarketMinder Analytics
4653.0,4,16,3.0,2024-01-02,109271.52967499844,327814.58902499534,
4656.0,27,2,20.0,2022-01-22,184474.87467260004,3360000.0,MarketMinder Analytics
4658.0,84,2,17.0,2024-01-20,166165.35481982055,2856000.0,MarketMinder Analytics
4659.0,96,11,7.0,2021-10-11,163603.0465786721,1254400.0,OptiFlow Automation
4666.0,97,7,5.0,2022-06-02,155184.25932151542,756000.0,DataBridge Integration Tool
4668.0,19,20,4.0,2020-11-16,246276.22776076457,985104.9110430583,FinSphere Intelligence Suite
4673.0,88,5,4.0,2021-03-21,86148.15392928534,344592.61571714137,SalesSync Optimizer
4676.0,15,4,17.0,2022-02-19,123200.0,2217600.0,CustomerScope Insights
4678.0,52,5,4.0,2022-09-17,84000.0,336000.0,SalesSync Optimizer
,18,9,12.0,2020-11-04,108475.29349667272,1456000.0,Product 9
4693.0,69,16,4.0,2022-10-18,105029.22869428528,420116.9147771411,
4697.0,31,14,13.0,2023-07-21,127299.4267819397,1674400.0,InsightMax Insights Platform
4707.0,50,16,6.0,2024-01-16,116521.27299770378,699127.6379862227,
4715.0,75,18,6.0,2023-06-03,133583.54411488134,940800.0,DashSync Analytics Hub
4719.0,70,19,8.0,2024-06-06,103055.2754338117,761600.0,EcoNomix Modeler
4720.0,11,3,19.0,2022-03-29,105495.26152070542,2016000.0,TrendWise Forecaster
,68,1,11.0,2023-02-25,140166.67108714624,1680000.0,FinPredictor Suite
4730.0,23,6,16.0,2021-05-18,187750.28702130503,3046400.0,RevenueVue Dashboard
4733.0,31,19,6.0,2021-02-10,99358.19669328872,571200.0,EcoNomix Modeler
4738.0,68,16,3.0,2021-04-25,97892.5453128673,293677.6359386019,
4739.0,87,9,10.0,2022-04-03,110831.87046729468,1120000.0,Product 9
4740.0,46,12,12.0,2023-01-11,85103.53777615551,924000.0,BudgetMaster Pro
4743.0,25,3,5.0,2022-05-23,110477.45836965038,552387.291848252,TrendWise Forecaster
4747.0,28,2,11.0,2022-07-28,153748.6984352855,1680000.0,MarketMinder Analytics
4749.0,55,5,3.0,2022-12-27,88805.81007657369,266417.43022972107,SalesSync Optimizer
4753.0,16,14,18.0,2023-09-18,133654.4080566295,2189600.0,InsightMax Insights Platform
4754.0,65,2,7.0,2021-01-25,182801.61050547057,1344000.0,MarketMinder Analytics
4762.0,93,19,18.0,2021-08-19,95085.97960348491,1808800.0,EcoNomix Modeler
4771.0,49,6,17.0,2023-04-22,191053.5550840156,3225600.0,RevenueVue Dashboard
4780.0,49,9,10.0,2023-07-18,112000.0,1008000.0,Product 9
4781.0,39,2,21.0,2023-03-31,164530.07847698708,3360000.0,MarketMinder Analytics
4795.0,53,8,20.0,2021-05-23,,,
,73,15,16.0,2021-11-14,105606.22595855688,1689699.6153369101,NexGen Segmentator
4808.0,2,19,15.0,2022-04-13,88198.08215751602,1428000.0,EcoNomix Modeler
4811.0,68,9,17.0,2024-06-13,117909.05616746638,2016000.0,Product 9
,43,18,8.0,2023-05-01,127727.2645856608,1075200.0,DashSync Analytics Hub
4814.0,86,10,17.0,2021-02-09,90395.62087608088,1612800.0,SegmentX Targeting
4821.0,5,9,7.0,2023-07-12,118828.89837152512,672000.0,Product 9
,75,17,7.0,2021-10-16,158081.81948874088,1106572.736421186,RealTime Revenue
4832.0,9,12,16.0,2023-08-09,86293.10923730195,1260000.0,BudgetMaster Pro
4839.0,56,16,5.0,2024-06-01,99480.23349355106,532000.0,
,24,17,13.0,2022-12-12,153186.9015067685,2352000.0,RealTime Revenue
4852.0,47,5,15.0,2021-04-30,84289.04267311149,1344000.0,SalesSync Optimizer
4857.0,14,5,19.0,2023-05-14,91328.81826876178,1512000.0,SalesSync Optimizer
4859.0,53,9,19.0,2022-02-14,101508.0539655274,2128000.0,Product 9
4863.0,84,3,16.0,2022-11-29,91500.80157094543,1713600.0,TrendWise Forecaster
4864.0,96,5,7.0,2024-03-05,84000.0,588000.0,SalesSync Optimizer
4865.0,82,19,6.0,2021-11-12,99837.85020088949,571200.0,EcoNomix Modeler
4867.0,22,3,19.0,2024-04-15,91581.52804663926,1915200.0,TrendWise Forecaster
4870.0,94,3,17.0,2023-03-14,92769.83348890729,1577087.1693114238,TrendWise Forecaster
4877.0,79,1,4.0,2024-09-28,140000.0,560000.0,FinPredictor Suite
4889.0,50,7,11.0,2022-03-26,160234.7153409852,1814400.0,DataBridge Integration Tool
4891.0,76,3,2.0,2021-09-26,96099.3496678792,192198.6993357584,TrendWise Forecaster
4900.0,88,13,7.0,2021-06-18,204172.9900633233,1429210.9304432631,ForecastXcelerator 
4911.0,15,14,17.0,2021-10-05,135043.11516581834,2318400.0,InsightMax Insights Platform
,72,20,19.0,2023-06-18,232446.54070099076,4032000.0,FinSphere Intelligence Suite
4919.0,98,4,11.0,2024-09-16,115450.16041122894,1232000.0,CustomerScope Insights
4922.0,85,6,20.0,2022-05-31,172109.7208903822,3584000.0,RevenueVue Dashboard
4929.0,76,11,16.0,2021-04-20,154165.3255796958,2665600.0,OptiFlow Automation
4941.0,8,15,1.0,2020-12-09,101849.23466322674,100800.0,NexGen Segmentator
4949.0,63,5,11.0,2023-03-08,91100.39060174712,924000.0,SalesSync Optimizer
4956.0,15,12,17.0,2023-03-13,83868.47435163947,1344000.0,BudgetMaster Pro
4958.0,68,18,12.0,2022-04-13,124094.57099456088,1612800.0,DashSync Analytics Hub
4961.0,32,8,15.0,2023-10-07,136358.3758500404,2116800.0,
4965.0,7,13,15.0,2024-03-21,206693.83076884123,2940000.0,ForecastXcelerator 
4970.0,93,8,14.0,2022-05-10,146766.73947982054,2116800.0,
4971.0,61,3,11.0,2021-07-17,100800.0,1209600.0,TrendWise Forecaster
4974.0,41,18,18.0,2023-02-28,132515.23242639343,2284800.0,DashSync Analytics Hub
4983.0,100,12,15.0,2023-12-27,80843.14680966707,1260000.0,BudgetMaster Pro
4984.0,32,6,15.0,2023-11-10,192346.67082763952,2508800.0,RevenueVue Dashboard
,92,20,17.0,2022-05-16,224000.0,3808000.0,FinSphere Intelligence Suite
4987.0,6,17,12.0,2022-11-07,158429.4609063944,2184000.0,RealTime Revenue
4996.0,30,7,11.0,2021-03-14,154430.97066050553,1512000.0,DataBridge Integration Tool
4997.0,90,14,15.0,2021-03-09,129329.97308439785,1932000.0,InsightMax Insights Platform
4998.0,48,9,17.0,2021-05-17,102607.5480216955,1792000.0,Product 9
5001.0,41,18,14.0,2020-11-18,131499.32459242424,1747200.0,DashSync Analytics Hub
5003.0,91,13,6.0,2024-06-09,196000.0,1372000.0,ForecastXcelerator 
5007.0,64,8,6.0,2022-03-29,159892.8905146657,959357.3430879941,
5012.0,89,13,18.0,2020-11-04,211563.36201358368,3332000.0,ForecastXcelerator 
5018.0,89,13,5.0,2021-09-02,196000.0,980000.0,ForecastXcelerator 
5026.0,55,5,12.0,2024-08-26,82455.1766522994,1092000.0,SalesSync Optimizer
5030.0,9,6,15.0,2024-02-28,176008.63523731826,2688000.0,RevenueVue Dashboard
5039.0,42,5,11.0,2023-01-08,77499.20353135705,840000.0,SalesSync Optimizer
5043.0,43,11,7.0,2024-04-23,171378.35011401758,1097600.0,OptiFlow Automation
5044.0,2,7,5.0,2021-10-11,147550.46162060744,756000.0,DataBridge Integration Tool
5050.0,71,19,6.0,2022-09-08,99292.7719833535,595756.631900121,EcoNomix Modeler
5054.0,78,8,10.0,2021-06-21,,1663200.0,
5060.0,78,19,8.0,2023-11-17,99122.60983781108,792980.8787024886,EcoNomix Modeler
5069.0,45,8,10.0,2023-04-19,,1663200.0,
5084.0,63,10,11.0,2021-04-17,94265.21985652768,896000.0,SegmentX Targeting
5088.0,66,9,16.0,2023-06-25,107478.63073484084,1719658.0917574535,Product 9
5090.0,45,13,9.0,2024-05-03,196000.0,1568000.0,ForecastXcelerator 
5092.0,27,3,13.0,2023-01-05,94176.16451553557,1411200.0,TrendWise Forecaster
5093.0,22,14,8.0,2021-03-23,123868.32790887354,901600.0,InsightMax Insights Platform
,36,14,14.0,2023-09-27,136643.2830521464,1932000.0,InsightMax Insights Platform
5098.0,39,16,6.0,2021-04-03,101504.509817812,532000.0,
5111.0,10,15,16.0,2023-12-18,96753.80399789847,1512000.0,NexGen Segmentator
,20,15,10.0,2022-01-16,100578.1191092327,907200.0,NexGen Segmentator
5113.0,37,12,4.0,2023-08-16,87567.76919715284,350271.07678861136,BudgetMaster Pro
5114.0,76,8,12.0,2021-06-25,139938.03445697317,1663200.0,
5118.0,58,16,9.0,2024-10-11,97709.13241936993,851200.0,
5127.0,95,6,7.0,2021-02-15,181296.09279887,1254400.0,RevenueVue Dashboard
5130.0,61,16,5.0,2021-02-21,106847.58806427248,638400.0,
5136.0,85,1,5.0,2021-11-06,144859.0358696415,724295.1793482074,FinPredictor Suite
5146.0,66,17,16.0,2022-08-12,163204.38319272985,2688000.0,RealTime Revenue
5151.0,4,7,10.0,2020-12-28,160605.55258467596,1606055.5258467596,DataBridge Integration Tool
5155.0,16,19,15.0,2021-07-14,97163.75928147353,1523200.0,EcoNomix Modeler
5156.0,67,5,14.0,2021-09-28,88169.37793823954,1260000.0,SalesSync Optimizer
5162.0,80,3,3.0,2022-02-17,104613.26784819682,313839.8035445905,TrendWise Forecaster
5168.0,20,16,7.0,2023-02-07,104894.06580666092,744800.0,
5177.0,83,12,14.0,2022-04-01,87977.01051276753,1260000.0,BudgetMaster Pro
5178.0,6,6,4.0,2021-10-22,184106.42050014052,736425.6820005621,RevenueVue Dashboard
5179.0,70,2,16.0,2024-03-10,157711.72375704243,2856000.0,MarketMinder Analytics
5185.0,53,16,17.0,2021-02-20,95791.00627879272,1628447.106739476,
5192.0,77,14,6.0,2024-05-07,140922.52222880357,901600.0,InsightMax Insights Platform
5207.0,78,3,1.0,2022-08-30,99151.35437089649,99151.35437089649,TrendWise Forecaster
5209.0,50,13,18.0,2021-02-16,198881.36067387185,3528000.0,ForecastXcelerator 
5212.0,46,14,19.0,2023-11-17,118417.87387785949,2318400.0,InsightMax Insights Platform
5214.0,26,17,18.0,2022-09-21,182833.7056248335,3291006.701247003,RealTime Revenue
5218.0,71,8,17.0,2021-07-29,,,
5229.0,98,11,15.0,2022-01-07,165864.86504882335,2195200.0,OptiFlow Automation
5251.0,25,2,2.0,2021-03-06,162350.81424527906,336000.0,MarketMinder Analytics
5252.0,51,12,1.0,2023-02-06,88539.1155528201,88539.1155528201,BudgetMaster Pro
5258.0,70,15,8.0,2022-04-07,100363.42768272734,802907.4214618187,NexGen Segmentator
5259.0,68,1,4.0,2022-01-06,129630.3176781783,518521.2707127132,FinPredictor Suite
,8,11,19.0,2024-06-13,150284.01426341146,2822400.0,OptiFlow Automation
5268.0,43,2,5.0,2022-06-02,168369.99805065573,840000.0,MarketMinder Analytics
5270.0,46,18,4.0,2022-10-02,134400.0,537600.0,DashSync Analytics Hub
5274.0,3,13,19.0,2024-07-01,181023.33849633668,3724000.0,ForecastXcelerator 
,61,14,18.0,2021-07-22,119497.781410549,2447200.0,InsightMax Insights Platform
5290.0,96,3,17.0,2021-04-29,110331.38167528932,1612800.0,TrendWise Forecaster
5292.0,68,7,13.0,2024-08-12,165042.3831559748,1814400.0,DataBridge Integration Tool
5299.0,22,6,3.0,2024-06-12,177701.51062805802,537600.0,RevenueVue Dashboard
5301.0,72,6,20.0,2023-03-03,176251.28384393835,3404800.0,RevenueVue Dashboard
5328.0,83,20,8.0,2023-08-04,224000.0,1568000.0,FinSphere Intelligence Suite
5341.0,17,7,7.0,2023-06-29,144022.76092563677,907200.0,DataBridge Integration Tool
5343.0,98,15,14.0,2021-04-01,96069.0468845,1411200.0,NexGen Segmentator
5349.0,75,14,3.0,2023-07-31,128800.0,386400.0,InsightMax Insights Platform
5355.0,22,6,9.0,2022-07-28,162945.03736846583,1433600.0,RevenueVue Dashboard
5357.0,11,11,11.0,2024-09-05,149665.570363165,1724800.0,OptiFlow Automation
5360.0,73,14,14.0,2020-10-30,117394.5522302412,1803200.0,InsightMax Insights Platform
5362.0,81,18,14.0,2022-11-22,134400.0,1881600.0,DashSync Analytics Hub
5363.0,19,10,3.0,2021-03-06,81807.42401278458,245422.27203835375,SegmentX Targeting
5365.0,55,14,5.0,2023-01-14,120334.45107963722,601672.2553981862,InsightMax Insights Platform
5377.0,12,3,7.0,2023-02-09,107153.2157416035,604800.0,TrendWise Forecaster
5378.0,38,16,10.0,2023-11-11,108544.33195864024,1170400.0,
5380.0,85,1,4.0,2022-07-11,147845.21936536857,591380.8774614743,FinPredictor Suite
5382.0,94,8,1.0,2023-01-23,136636.2013337283,151200.0,
5386.0,60,5,8.0,2021-01-28,76905.38504356501,672000.0,SalesSync Optimizer
5389.0,98,13,16.0,2021-08-14,207421.30318782668,3318740.851005227,ForecastXcelerator 
5411.0,96,3,20.0,2023-11-09,106126.22818569178,1915200.0,TrendWise Forecaster
5415.0,45,18,9.0,2022-11-25,138992.60016675387,1209600.0,DashSync Analytics Hub
5420.0,84,9,5.0,2024-01-16,113264.96553547382,566324.8276773691,Product 9
,86,7,7.0,2023-04-01,140068.69275929278,907200.0,DataBridge Integration Tool
5425.0,62,5,13.0,2022-12-31,79208.43547800533,1092000.0,SalesSync Optimizer
5431.0,73,6,4.0,2022-10-25,176833.89243934304,707335.5697573721,RevenueVue Dashboard
5432.0,14,2,12.0,2021-04-29,155193.04077256744,2184000.0,MarketMinder Analytics
5441.0,7,18,8.0,2024-06-26,122927.377745357,983419.021962856,DashSync Analytics Hub
5442.0,4,14,11.0,2024-07-26,134578.68688788632,1288000.0,InsightMax Insights Platform
5447.0,90,9,11.0,2021-04-30,106434.8539561129,1232000.0,Product 9
5455.0,37,16,5.0,2022-06-11,106007.898060375,530039.4903018749,
,65,8,14.0,2021-11-17,162163.47641224938,2116800.0,
5466.0,69,5,1.0,2022-12-06,78909.52542713666,78909.52542713666,SalesSync Optimizer
5468.0,87,15,4.0,2023-04-03,102119.11979510452,408476.4791804181,NexGen Segmentator
5474.0,63,15,15.0,2023-11-19,100800.0,1411200.0,NexGen Segmentator
5475.0,13,1,6.0,2023-03-19,139642.11625011504,840000.0,FinPredictor Suite
,71,7,9.0,2021-09-06,137299.33089836576,1235693.9780852918,DataBridge Integration Tool
5483.0,50,10,16.0,2023-04-01,84365.00355584313,1523200.0,SegmentX Targeting
5490.0,83,4,14.0,2021-03-17,116237.736533467,1601600.0,CustomerScope Insights
5495.0,80,19,10.0,2023-10-22,98170.65619945205,1047200.0,EcoNomix Modeler
5504.0,20,4,15.0,2023-11-06,110894.848684765,1724800.0,CustomerScope Insights
5506.0,21,18,20.0,2023-07-09,143284.20008000036,2553600.0,DashSync Analytics Hub
,50,13,3.0,2022-05-15,196000.0,588000.0,ForecastXcelerator 
5531.0,66,9,9.0,2024-05-09,102825.67682808982,896000.0,Product 9
5532.0,35,13,20.0,2022-06-01,201608.56137057065,3724000.0,ForecastXcelerator 
5533.0,11,5,18.0,2023-08-13,84000.0,1596000.0,SalesSync Optimizer
5534.0,44,7,21.0,2022-04-16,161656.51305125648,3024000.0,DataBridge Integration Tool
5536.0,21,2,1.0,2024-05-18,170533.54089534783,170533.54089534783,MarketMinder Analytics
,69,6,8.0,2021-09-22,166714.86897450275,1433600.0,RevenueVue Dashboard
5547.0,51,3,2.0,2023-02-04,104894.03832784548,209788.07665569097,TrendWise Forecaster
5560.0,17,12,7.0,2021-08-18,84000.0,588000.0,BudgetMaster Pro
5575.0,26,11,2.0,2022-08-20,153016.14160446305,313600.0,OptiFlow Automation
5580.0,77,11,15.0,2020-10-30,164572.22865804224,2508800.0,OptiFlow Automation
5583.0,100,14,15.0,2023-11-16,135964.36341374647,1932000.0,InsightMax Insights Platform
5594.0,64,17,9.0,2023-07-22,155603.7367688262,1344000.0,RealTime Revenue
5601.0,42,12,11.0,2024-07-15,77939.8345283708,1008000.0,BudgetMaster Pro
5605.0,16,3,7.0,2021-12-18,96487.32419130683,705600.0,TrendWise Forecaster
5607.0,43,18,13.0,2022-05-23,142556.86474617134,1612800.0,DashSync Analytics Hub
5627.0,38,12,1.0,2021-02-18,84000.0,84000.0,BudgetMaster Pro
5631.0,6,20,8.0,2022-03-25,210750.8522151503,1792000.0,FinSphere Intelligence Suite
5635.0,78,7,11.0,2021-01-03,149911.98221291078,1814400.0,DataBridge Integration Tool
5637.0,17,14,18.0,2021-11-14,128456.7253846907,2447200.0,InsightMax Insights Platform
5640.0,83,2,19.0,2022-08-01,154931.2722083197,3024000.0,MarketMinder Analytics
,38,7,5.0,2022-12-27,156610.98775221588,756000.0,DataBridge Integration Tool
5656.0,29,4,16.0,2023-05-03,131301.35657179478,1971200.0,CustomerScope Insights
5661.0,35,7,17.0,2023-12-07,161294.92122242655,2570400.0,DataBridge Integration Tool
5669.0,41,18,9.0,2024-10-05,142565.4124324731,1344000.0,DashSync Analytics Hub
5670.0,60,2,2.0,2021-01-30,179437.57513306072,358875.15026612143,MarketMinder Analytics
5674.0,71,16,5.0,2022-03-26,108383.69237206754,541918.4618603378,
5678.0,75,19,10.0,2021-11-30,104457.05473292188,1044570.5473292188,EcoNomix Modeler
,16,20,7.0,2024-06-09,224000.0,1792000.0,FinSphere Intelligence Suite
5691.0,98,12,17.0,2022-04-06,81473.51037496765,1344000.0,BudgetMaster Pro
5700.0,62,14,9.0,2023-06-20,128800.0,1288000.0,InsightMax Insights Platform
5704.0,16,5,8.0,2024-09-26,82078.23703630494,588000.0,SalesSync Optimizer
5716.0,42,10,12.0,2023-07-18,86983.91129186215,1075200.0,SegmentX Targeting
5722.0,81,19,19.0,2024-05-30,102351.30353345322,1808800.0,EcoNomix Modeler
5727.0,26,20,19.0,2023-12-19,202577.7283715799,4480000.0,FinSphere Intelligence Suite
5728.0,82,13,8.0,2022-04-16,190167.45910419693,1568000.0,ForecastXcelerator 
5732.0,71,19,12.0,2024-07-21,86676.70361741121,1040120.4434089346,EcoNomix Modeler
5735.0,67,10,2.0,2021-02-21,96637.51389256728,179200.0,SegmentX Targeting
,92,3,10.0,2022-11-12,100800.0,1008000.0,TrendWise Forecaster
5738.0,80,14,9.0,2022-01-25,128800.0,1030400.0,InsightMax Insights Platform
5740.0,86,4,16.0,2021-12-15,114381.59223913537,1848000.0,CustomerScope Insights
,90,12,2.0,2024-02-14,81666.41521523823,163332.83043047646,BudgetMaster Pro
5748.0,26,6,7.0,2022-10-11,192089.1330311298,1254400.0,RevenueVue Dashboard
5758.0,84,2,16.0,2024-08-15,174845.2353513425,2520000.0,MarketMinder Analytics
5760.0,2,13,1.0,2021-04-20,196000.0,196000.0,ForecastXcelerator 
5770.0,11,18,18.0,2021-12-05,137155.63963117189,2284800.0,DashSync Analytics Hub
5774.0,71,16,7.0,2022-06-19,103189.3387109721,851200.0,
5778.0,87,11,17.0,2022-07-27,172338.82908144713,2665600.0,OptiFlow Automation
5779.0,68,10,11.0,2024-04-22,92577.02027077644,1075200.0,SegmentX Targeting
5781.0,47,14,12.0,2024-01-04,116411.76411821666,1674400.0,InsightMax Insights Platform
5786.0,79,20,12.0,2024-08-03,202096.6616884566,2425159.9402614795,FinSphere Intelligence Suite
5788.0,87,1,17.0,2024-05-10,130333.61704243431,2240000.0,FinPredictor Suite
5789.0,89,2,14.0,2022-07-21,168957.21917930577,2520000.0,MarketMinder Analytics
5799.0,77,14,7.0,2024-07-22,139449.98415307948,976149.8890715564,InsightMax Insights Platform
5801.0,39,2,8.0,2021-06-09,172633.13382364798,1344000.0,MarketMinder Analytics
5804.0,84,17,12.0,2023-04-19,168000.0,2184000.0,RealTime Revenue
5810.0,34,19,12.0,2024-03-23,96484.361611692,1047200.0,EcoNomix Modeler
5811.0,28,11,2.0,2022-10-12,164044.0885947469,328088.1771894938,OptiFlow Automation
,22,4,10.0,2021-10-02,112388.67038553132,1123886.7038553134,CustomerScope Insights
5823.0,99,4,1.0,2021-04-26,111139.6655831041,123200.0,CustomerScope Insights
5825.0,51,3,14.0,2022-10-16,106887.14337271708,1310400.0,TrendWise Forecaster
5827.0,43,19,19.0,2024-10-12,102225.28862786369,1808800.0,EcoNomix Modeler
5828.0,89,12,18.0,2023-11-27,82133.36494355406,1512000.0,BudgetMaster Pro
5829.0,7,12,14.0,2022-08-02,88210.50104167813,1092000.0,BudgetMaster Pro
5833.0,12,6,7.0,2021-05-29,179200.0,1433600.0,RevenueVue Dashboard
5835.0,81,1,17.0,2024-06-09,136062.44090301354,2240000.0,FinPredictor Suite
5836.0,86,11,8.0,2021-07-20,151468.13442789172,1254400.0,OptiFlow Automation
5845.0,51,4,10.0,2024-01-26,123244.07043035548,1108800.0,CustomerScope Insights
5847.0,34,13,5.0,2022-08-26,196000.0,1176000.0,ForecastXcelerator 
5848.0,42,9,18.0,2022-02-01,110303.54644673402,2128000.0,Product 9
5857.0,90,13,18.0,2023-05-17,196000.0,3332000.0,ForecastXcelerator 
5858.0,38,6,7.0,2021-12-30,161312.5481271714,1075200.0,RevenueVue Dashboard
,56,4,11.0,2024-01-28,111915.16361822266,1232000.0,CustomerScope Insights
5874.0,55,16,7.0,2022-09-13,106380.06544200216,744660.4580940151,
5877.0,53,18,16.0,2024-01-12,124296.88683788512,2016000.0,DashSync Analytics Hub
5885.0,56,15,5.0,2023-12-26,100908.65082483905,504000.0,NexGen Segmentator
5886.0,24,4,11.0,2023-06-28,123491.94379674604,1232000.0,CustomerScope Insights
5889.0,8,18,9.0,2024-07-08,130518.5223461502,1344000.0,DashSync Analytics Hub
5892.0,87,19,5.0,2021-05-17,97919.35326494936,489596.7663247468,EcoNomix Modeler
5901.0,29,12,18.0,2024-06-16,80498.2630278737,1428000.0,BudgetMaster Pro
5902.0,67,6,3.0,2020-10-31,163016.29789154953,537600.0,RevenueVue Dashboard
,91,8,12.0,2021-09-05,,,
5906.0,16,4,17.0,2024-03-08,123200.0,2217600.0,CustomerScope Insights
,55,4,10.0,2024-04-16,117873.72043354796,1355200.0,CustomerScope Insights
5917.0,19,4,9.0,2022-12-14,124422.29478150666,1108800.0,CustomerScope Insights
5918.0,21,13,12.0,2023-07-30,187580.70467886032,2156000.0,ForecastXcelerator 
5925.0,13,12,5.0,2023-03-26,84276.99227525579,504000.0,BudgetMaster Pro
5927.0,20,16,14.0,2021-03-15,111159.48936446072,1489600.0,
5932.0,82,2,10.0,2023-07-06,180864.5311662922,1848000.0,MarketMinder Analytics
5935.0,67,8,11.0,2023-08-01,144325.78940209735,1814400.0,
,61,13,9.0,2023-10-01,199360.6304009928,1960000.0,ForecastXcelerator 
5943.0,3,18,15.0,2023-08-11,126213.94290613865,2150400.0,DashSync Analytics Hub
5955.0,14,6,5.0,2023-01-04,183971.05562044733,1075200.0,RevenueVue Dashboard
5957.0,62,15,18.0,2023-02-27,104270.73318190132,1814400.0,NexGen Segmentator
5959.0,90,1,14.0,2021-06-22,151771.23133069577,1960000.0,FinPredictor Suite
5964.0,62,20,9.0,2022-09-20,230434.0287547886,2016000.0,FinSphere Intelligence Suite
5969.0,35,6,6.0,2021-09-13,166867.40826144477,1075200.0,RevenueVue Dashboard
5972.0,43,15,8.0,2022-06-09,103123.3619215619,824986.8953724952,NexGen Segmentator
5976.0,68,19,12.0,2024-07-02,102440.38366849348,1237600.0,EcoNomix Modeler
5982.0,59,8,16.0,2022-05-22,,,
5985.0,67,13,17.0,2023-07-11,202227.33630221465,3332000.0,ForecastXcelerator 
5995.0,15,2,13.0,2022-05-18,174395.850650791,2352000.0,MarketMinder Analytics
6012.0,78,7,15.0,2022-02-28,136944.35859334478,2116800.0,DataBridge Integration Tool
6013.0,64,1,11.0,2020-11-12,129360.09552380208,1680000.0,FinPredictor Suite
6018.0,24,4,17.0,2024-06-24,135168.1845530906,2217600.0,CustomerScope Insights
,45,1,4.0,2023-09-05,140000.0,560000.0,FinPredictor Suite
6028.0,24,16,14.0,2020-11-26,101581.91361939936,1489600.0,
6030.0,17,7,11.0,2022-03-04,163563.87195458863,1663200.0,DataBridge Integration Tool
6036.0,35,10,16.0,2021-10-21,83638.29104773789,1344000.0,SegmentX Targeting
,87,13,7.0,2022-01-21,178095.69316567507,1246669.8521597255,ForecastXcelerator 
6041.0,42,9,12.0,2023-05-06,112000.0,1344000.0,Product 9
6043.0,26,11,18.0,2023-06-01,144840.94567385165,2979200.0,OptiFlow Automation
6046.0,12,1,19.0,2021-05-12,140000.0,2520000.0,FinPredictor Suite
,44,8,6.0,2024-02-09,142008.29285879026,907200.0,
6053.0,43,6,3.0,2024-01-11,175204.06129678834,537600.0,RevenueVue Dashboard
6055.0,99,5,12.0,2024-04-18,81715.80666028916,1008000.0,SalesSync Optimizer
6058.0,18,4,13.0,2022-05-31,128770.51215666164,1601600.0,CustomerScope Insights
6060.0,40,14,7.0,2024-06-30,125934.40081543292,772800.0,InsightMax Insights Platform
6074.0,25,8,19.0,2022-02-18,156392.62233537808,3024000.0,
6075.0,70,20,17.0,2023-07-16,223403.24044345788,3808000.0,FinSphere Intelligence Suite
6078.0,68,5,4.0,2021-03-15,80350.42291650882,321401.6916660353,SalesSync Optimizer
6083.0,74,19,17.0,2023-01-30,99175.69599461036,1523200.0,EcoNomix Modeler
6089.0,3,5,9.0,2023-02-25,78222.37941222933,672000.0,SalesSync Optimizer
6093.0,65,13,5.0,2024-05-05,212466.24297495355,980000.0,ForecastXcelerator 
6094.0,49,7,3.0,2022-08-18,151200.0,453600.0,DataBridge Integration Tool
6096.0,71,2,4.0,2023-08-17,170648.0161708436,682592.0646833744,MarketMinder Analytics
,13,5,3.0,2022-01-25,84881.06108154057,252000.0,SalesSync Optimizer
6100.0,32,20,17.0,2021-06-11,206668.7203186784,3584000.0,FinSphere Intelligence Suite
6101.0,31,11,11.0,2023-05-27,160939.05673129193,1881600.0,OptiFlow Automation
6103.0,31,8,9.0,2021-11-14,152456.73153017843,1512000.0,
6112.0,4,6,18.0,2024-05-19,171756.5862062434,3225600.0,RevenueVue Dashboard
6117.0,26,17,12.0,2021-10-29,171816.18798863183,2016000.0,RealTime Revenue
6132.0,34,11,16.0,2020-11-12,168979.87243463163,2352000.0,OptiFlow Automation
6135.0,34,2,8.0,2021-12-31,168000.0,1344000.0,MarketMinder Analytics
6138.0,78,4,15.0,2023-02-10,115072.87576686246,1724800.0,CustomerScope Insights
6139.0,79,19,9.0,2022-01-02,97280.83335781124,761600.0,EcoNomix Modeler
6144.0,14,20,16.0,2023-08-05,213739.1617270233,3584000.0,FinSphere Intelligence Suite
6148.0,84,19,16.0,2022-10-06,103288.9733023946,1428000.0,EcoNomix Modeler
6155.0,4,15,11.0,2024-03-03,103015.58716788236,1008000.0,NexGen Segmentator
6157.0,64,18,15.0,2024-04-13,130399.56557548665,2016000.0,DashSync Analytics Hub
6162.0,39,16,1.0,2023-04-29,114073.54880509444,106400.0,
,49,8,7.0,2022-04-24,,1058400.0,
6174.0,6,6,9.0,2021-12-04,180209.35849618484,1433600.0,RevenueVue Dashboard
6179.0,15,11,19.0,2023-02-06,156737.39378315554,2822400.0,OptiFlow Automation
6187.0,98,20,4.0,2023-05-19,245476.78566365663,981907.1426546265,FinSphere Intelligence Suite
6188.0,6,11,15.0,2021-03-14,151578.8790088344,2195200.0,OptiFlow Automation
6191.0,19,14,3.0,2022-12-19,132807.9929618186,398423.9788854559,InsightMax Insights Platform
6192.0,100,12,14.0,2023-03-10,84943.79194344682,1092000.0,BudgetMaster Pro
6195.0,26,17,15.0,2021-01-07,170606.97475980318,2352000.0,RealTime Revenue
6197.0,66,9,6.0,2022-05-28,107151.08732426268,560000.0,Product 9
,41,15,17.0,2021-09-14,94581.6366824592,1814400.0,NexGen Segmentator
6209.0,8,8,7.0,2021-06-04,149916.9378534061,907200.0,
6211.0,91,5,14.0,2022-11-21,90596.69412207008,1260000.0,SalesSync Optimizer
6215.0,42,4,10.0,2023-08-22,129794.45781140978,1108800.0,CustomerScope Insights
6217.0,79,19,15.0,2022-05-21,95200.0,1428000.0,EcoNomix Modeler
6218.0,92,3,17.0,2022-08-22,102661.42018755212,1814400.0,TrendWise Forecaster
6219.0,98,8,9.0,2023-07-29,142858.73617542276,1209600.0,
,60,4,5.0,2024-07-27,123788.48333358351,618942.4166679175,CustomerScope Insights
6225.0,11,1,13.0,2021-03-28,150040.0635529601,1680000.0,FinPredictor Suite
6226.0,80,1,19.0,2021-11-14,139337.02636114947,2647403.50086184,FinPredictor Suite
,96,6,19.0,2024-01-09,184565.91323414395,3584000.0,RevenueVue Dashboard
6243.0,90,9,11.0,2024-05-27,104718.21994523316,1120000.0,Product 9
6246.0,51,17,12.0,2022-10-30,169689.0991891367,2184000.0,RealTime Revenue
6251.0,80,18,12.0,2024-02-08,134400.0,1612800.0,DashSync Analytics Hub
,94,7,17.0,2022-08-20,151200.0,2570400.0,DataBridge Integration Tool
6258.0,60,15,7.0,2023-07-20,94601.92203302756,604800.0,NexGen Segmentator
6263.0,89,12,12.0,2024-09-09,90559.78974366943,1008000.0,BudgetMaster Pro
,40,9,11.0,2021-12-27,107804.77370136153,1120000.0,Product 9
6279.0,20,15,19.0,2021-03-04,91025.4090877217,2016000.0,NexGen Segmentator
6280.0,43,13,16.0,2023-12-23,185661.595528103,3136000.0,ForecastXcelerator 
6285.0,86,4,14.0,2022-05-30,135189.10544741008,1848000.0,CustomerScope Insights
6300.0,44,10,18.0,2021-09-30,84055.79965219939,1612800.0,SegmentX Targeting
6302.0,50,19,5.0,2021-02-08,91598.92393450944,380800.0,EcoNomix Modeler
6307.0,24,7,16.0,2022-04-16,160319.20613833173,2268000.0,DataBridge Integration Tool
6309.0,94,3,17.0,2023-02-20,97751.43928959114,1612800.0,TrendWise Forecaster
6314.0,61,5,7.0,2023-01-14,80707.59902611465,588000.0,SalesSync Optimizer
6321.0,12,19,17.0,2022-04-03,96450.40306799058,1618400.0,EcoNomix Modeler
6334.0,62,16,16.0,2023-12-24,100113.1238331669,1808800.0,
6335.0,58,6,4.0,2023-08-13,170431.93832569793,716800.0,RevenueVue Dashboard
6341.0,1,9,13.0,2021-05-11,108632.77253888208,1456000.0,Product 9
6343.0,64,14,7.0,2023-04-06,123992.16810331037,1030400.0,InsightMax Insights Platform
6353.0,52,12,9.0,2024-05-20,82057.86962269143,672000.0,BudgetMaster Pro
6354.0,40,14,8.0,2021-04-21,139036.75110558906,1030400.0,InsightMax Insights Platform
6359.0,29,9,1.0,2022-09-09,103618.45627262336,103618.45627262336,Product 9
6371.0,61,7,19.0,2023-10-16,144665.5970187992,2872800.0,DataBridge Integration Tool
6374.0,40,1,5.0,2021-10-27,139744.09872665544,698720.4936332772,FinPredictor Suite
6375.0,96,4,16.0,2024-06-16,134510.04276006066,1971200.0,CustomerScope Insights
6379.0,63,9,15.0,2021-11-14,112603.9409409686,1568000.0,Product 9
6387.0,53,12,8.0,2024-08-08,86308.33225241624,588000.0,BudgetMaster Pro
6391.0,44,4,19.0,2024-07-03,116789.88450798376,2219007.8056516913,CustomerScope Insights
6392.0,31,9,13.0,2021-12-11,115775.06422766284,1568000.0,Product 9
6397.0,96,14,12.0,2021-02-14,128800.0,1545600.0,InsightMax Insights Platform
6406.0,98,1,5.0,2024-03-17,138868.54124094156,694342.7062047077,FinPredictor Suite
6408.0,64,9,11.0,2023-06-03,112000.0,1344000.0,Product 9
6421.0,80,1,16.0,2023-04-04,144015.89593840291,2100000.0,FinPredictor Suite
6423.0,41,2,14.0,2022-10-06,164075.4342996031,2520000.0,MarketMinder Analytics
6428.0,85,1,11.0,2023-08-02,133803.6353322037,1680000.0,FinPredictor Suite
6430.0,16,18,19.0,2024-02-07,139772.0033051689,2419200.0,DashSync Analytics Hub
6438.0,11,3,3.0,2023-12-11,109536.49328068836,302400.0,TrendWise Forecaster
,28,8,11.0,2024-05-13,150017.70695438198,1814400.0,
,61,19,17.0,2022-11-09,101100.98492059972,1713600.0,EcoNomix Modeler
,63,8,2.0,2023-11-26,160852.84617236076,302400.0,
6464.0,92,20,2.0,2022-02-14,208010.67667009504,416021.3533401901,FinSphere Intelligence Suite
6472.0,47,19,20.0,2023-07-03,88191.70472244096,1808800.0,EcoNomix Modeler
6476.0,76,6,9.0,2022-09-29,170067.77589457968,1433600.0,RevenueVue Dashboard
6479.0,78,15,18.0,2023-08-02,106983.2932607026,1915200.0,NexGen Segmentator
6497.0,85,2,13.0,2021-11-08,165570.21619872242,2184000.0,MarketMinder Analytics
6500.0,100,12,2.0,2021-05-03,83509.2227300042,167018.4454600084,BudgetMaster Pro
6515.0,8,2,1.0,2024-06-18,168000.0,168000.0,MarketMinder Analytics
,75,5,18.0,2023-07-17,84000.0,1512000.0,SalesSync Optimizer
6522.0,17,16,2.0,2020-12-28,106796.586608459,213593.173216918,
6524.0,63,8,8.0,2022-02-04,155570.01358399988,1209600.0,
6526.0,100,1,5.0,2022-01-02,146952.50992342495,840000.0,FinPredictor Suite
6529.0,11,14,6.0,2024-08-21,132936.71165081186,772800.0,InsightMax Insights Platform
6533.0,100,1,12.0,2023-06-03,148532.32478844954,1540000.0,FinPredictor Suite
6538.0,63,7,7.0,2021-06-09,151200.0,907200.0,DataBridge Integration Tool
6550.0,4,20,13.0,2024-05-09,208317.6500460709,2688000.0,FinSphere Intelligence Suite
6558.0,12,13,20.0,2022-03-16,180891.9443185053,3920000.0,ForecastXcelerator 
6565.0,30,11,10.0,2024-02-26,154860.14893143263,1548601.4893143263,OptiFlow Automation
6569.0,92,4,9.0,2022-05-06,129827.0216714412,1108800.0,CustomerScope Insights
6570.0,56,15,12.0,2022-11-24,100800.0,1310400.0,NexGen Segmentator
6573.0,54,3,4.0,2022-06-09,91789.0653521384,403200.0,TrendWise Forecaster
6590.0,68,18,13.0,2024-01-11,134400.0,1881600.0,DashSync Analytics Hub
6594.0,61,3,4.0,2023-11-23,105830.9891259175,504000.0,TrendWise Forecaster
,81,20,13.0,2022-09-03,231147.4164710437,2912000.0,FinSphere Intelligence Suite
6598.0,84,17,13.0,2022-10-09,163466.9859445076,2184000.0,RealTime Revenue
6614.0,82,18,2.0,2024-06-08,130591.95030772108,268800.0,DashSync Analytics Hub
6616.0,89,5,4.0,2022-12-27,88589.75576864266,420000.0,SalesSync Optimizer
6618.0,80,13,7.0,2023-12-21,178549.57188845126,1176000.0,ForecastXcelerator 
,39,11,15.0,2024-01-31,144392.72990603442,2195200.0,OptiFlow Automation
6632.0,23,14,8.0,2022-06-29,127644.09842578194,1030400.0,InsightMax Insights Platform
6636.0,74,17,18.0,2023-10-14,152715.61785227273,3024000.0,RealTime Revenue
6637.0,86,18,16.0,2022-06-25,135688.4669254478,2150400.0,DashSync Analytics Hub
6639.0,83,6,13.0,2023-03-05,181533.9345281101,2150400.0,RevenueVue Dashboard
6646.0,49,2,8.0,2023-12-18,181050.7605467619,1344000.0,MarketMinder Analytics
6649.0,78,13,21.0,2022-08-24,190743.41619232652,3920000.0,ForecastXcelerator 
6650.0,87,8,18.0,2022-06-25,159774.1725108049,2721600.0,
6651.0,78,4,11.0,2021-05-22,123493.74201088634,1358431.1621197497,CustomerScope Insights
6665.0,45,16,11.0,2023-09-04,100507.54053873188,1276800.0,
6668.0,27,2,13.0,2021-06-03,168000.0,2184000.0,MarketMinder Analytics
6670.0,71,1,16.0,2022-07-03,129044.2321170272,2240000.0,FinPredictor Suite
6671.0,70,7,19.0,2021-10-23,158898.94084465268,3024000.0,DataBridge Integration Tool
6683.0,13,8,5.0,2020-12-28,,756000.0,
6692.0,6,3,4.0,2024-04-29,92891.32333869478,371565.29335477913,TrendWise Forecaster
6695.0,34,5,3.0,2023-12-01,78807.60184011911,252000.0,SalesSync Optimizer
,100,4,13.0,2024-03-19,129350.54799188372,1681557.1238944884,CustomerScope Insights
6703.0,14,11,8.0,2022-06-29,171849.9958060237,1254400.0,OptiFlow Automation
,35,16,7.0,2021-08-21,106898.49137200782,744800.0,
6752.0,81,6,4.0,2024-05-04,166164.87159615653,537600.0,RevenueVue Dashboard
,75,13,21.0,2023-05-01,205677.74490779272,3920000.0,ForecastXcelerator 
6762.0,94,18,14.0,2020-12-12,124752.12047733468,1881600.0,DashSync Analytics Hub
6768.0,94,11,8.0,2023-09-06,165884.87918994244,1327079.0335195395,OptiFlow Automation
6770.0,35,14,8.0,2024-04-14,139476.9927306832,1030400.0,InsightMax Insights Platform
6771.0,40,20,6.0,2022-03-04,240730.9640074701,1344000.0,FinSphere Intelligence Suite
6775.0,21,18,12.0,2024-02-23,142672.88701812335,1478400.0,DashSync Analytics Hub
6810.0,45,9,5.0,2022-11-08,117203.83171860404,586019.1585930202,Product 9
6812.0,52,2,9.0,2021-10-11,153962.91962869553,1344000.0,MarketMinder Analytics
6817.0,25,12,14.0,2022-03-12,84000.0,1176000.0,BudgetMaster Pro
6823.0,1,2,4.0,2021-03-02,174868.83984061127,699475.3593624451,MarketMinder Analytics
6826.0,67,10,2.0,2023-08-27,97672.34902520708,179200.0,SegmentX Targeting
,39,17,19.0,2022-01-28,159165.69319514447,3360000.0,RealTime Revenue
,52,19,7.0,2023-12-21,101468.21622617294,571200.0,EcoNomix Modeler
6847.0,49,4,10.0,2021-09-11,111479.28120994056,1108800.0,CustomerScope Insights
6851.0,86,11,18.0,2023-02-18,161066.44811030632,2979200.0,OptiFlow Automation
6854.0,71,11,6.0,2022-06-06,163676.9343868538,940800.0,OptiFlow Automation
6861.0,63,10,19.0,2023-06-24,89637.33839988212,1612800.0,SegmentX Targeting
6872.0,34,12,20.0,2023-06-25,84937.53174331273,1680000.0,BudgetMaster Pro
6889.0,12,17,15.0,2023-03-27,162729.07062128975,2352000.0,RealTime Revenue
6894.0,93,1,15.0,2022-05-16,135991.51091830048,2100000.0,FinPredictor Suite
6902.0,74,3,16.0,2021-03-27,99315.77351894976,1612800.0,TrendWise Forecaster
6905.0,98,9,13.0,2023-06-30,121101.18977577488,1344000.0,Product 9
6910.0,49,2,15.0,2022-03-28,181398.96264509048,2720984.439676357,MarketMinder Analytics
,14,5,5.0,2022-10-22,80586.8886320572,420000.0,SalesSync Optimizer
,39,1,5.0,2022-01-09,140000.0,840000.0,FinPredictor Suite
6926.0,21,5,21.0,2021-04-22,89797.6479124282,1680000.0,SalesSync Optimizer
6936.0,62,11,14.0,2023-01-22,147639.6988806079,2195200.0,OptiFlow Automation
6937.0,46,10,8.0,2024-07-28,84153.1940391601,673225.5523132808,SegmentX Targeting
6940.0,25,3,21.0,2021-09-11,101373.91418870074,2016000.0,TrendWise Forecaster
6943.0,2,10,14.0,2023-03-20,89600.0,1164800.0,SegmentX Targeting
6945.0,52,12,2.0,2021-06-07,89385.50059974233,178771.00119948466,BudgetMaster Pro
6954.0,96,20,12.0,2022-08-03,209183.15726842743,2912000.0,FinSphere Intelligence Suite
6964.0,24,5,18.0,2021-04-08,79238.6284376869,1426295.3118783643,SalesSync Optimizer
6975.0,69,7,17.0,2023-08-01,151200.0,2570400.0,DataBridge Integration Tool
6981.0,86,12,2.0,2023-01-07,76422.98403097191,168000.0,BudgetMaster Pro
6994.0,28,3,18.0,2023-07-22,93077.40126663948,1814400.0,TrendWise Forecaster
,94,9,19.0,2024-06-22,111386.19473431648,2128000.0,Product 9
6998.0,80,17,14.0,2021-08-16,160784.17350797533,2250978.4291116544,RealTime Revenue
7017.0,36,10,4.0,2022-09-10,87784.71173307596,351138.84693230386,SegmentX Targeting
7018.0,40,17,10.0,2021-02-18,154215.7448365182,1512000.0,RealTime Revenue
7027.0,57,16,18.0,2023-01-08,,1915200.0,
7029.0,47,3,11.0,2023-03-07,106363.33591023764,1209600.0,TrendWise Forecaster
7036.0,95,14,9.0,2023-06-26,140266.68935905583,1030400.0,InsightMax Insights Platform
7043.0,57,6,3.0,2024-05-20,179200.0,537600.0,RevenueVue Dashboard
7046.0,79,20,9.0,2022-08-04,243494.24848080945,2191448.236327285,FinSphere Intelligence Suite
7071.0,5,13,11.0,2022-08-23,198993.58124628893,2352000.0,ForecastXcelerator 
7073.0,61,13,4.0,2024-03-20,191331.58673330268,765326.3469332107,ForecastXcelerator 
7077.0,77,6,18.0,2023-05-30,190601.8164329996,3225600.0,RevenueVue Dashboard
7084.0,20,9,21.0,2022-04-09,112113.512889049,2240000.0,Product 9
7085.0,59,1,3.0,2024-01-08,145454.64252059348,436363.92756178044,FinPredictor Suite
7086.0,19,17,8.0,2024-07-12,151813.27759988568,1214506.2207990855,RealTime Revenue
7089.0,81,15,9.0,2020-11-04,105357.00535500277,907200.0,NexGen Segmentator
7091.0,30,14,17.0,2022-06-26,124444.8361900797,2060800.0,InsightMax Insights Platform
7094.0,22,8,11.0,2024-08-03,138017.47130511273,1663200.0,
,78,4,10.0,2021-07-14,132447.75387508975,1108800.0,CustomerScope Insights
7097.0,67,11,9.0,2024-10-02,148661.07492088768,1568000.0,OptiFlow Automation
7098.0,17,15,18.0,2022-09-11,109431.5848536996,1713600.0,NexGen Segmentator
,13,20,15.0,2023-12-09,230168.0836466481,3584000.0,FinSphere Intelligence Suite
7107.0,26,19,4.0,2021-03-29,92411.97327898337,369647.89311593346,EcoNomix Modeler
7108.0,75,3,7.0,2022-06-14,96424.42593348188,604800.0,TrendWise Forecaster
7113.0,21,4,9.0,2022-02-27,134208.91865358758,1108800.0,CustomerScope Insights
7118.0,10,18,12.0,2021-07-09,132276.31226999927,1747200.0,DashSync Analytics Hub
7125.0,84,13,8.0,2021-09-05,196000.0,1372000.0,ForecastXcelerator 
7136.0,21,20,19.0,2023-08-01,217066.85021732585,4256000.0,FinSphere Intelligence Suite
7144.0,11,16,9.0,2024-03-25,104845.56470434004,851200.0,
7146.0,55,15,4.0,2021-06-28,90902.8132495834,363611.2529983336,NexGen Segmentator
7159.0,16,2,3.0,2021-02-08,167171.44806110734,501514.34418332204,MarketMinder Analytics
7161.0,62,20,4.0,2022-02-28,203320.01928628504,813280.0771451402,FinSphere Intelligence Suite
,69,15,18.0,2021-04-10,100800.0,1814400.0,NexGen Segmentator
7172.0,50,14,21.0,2024-06-11,141669.6678935469,2576000.0,InsightMax Insights Platform
7173.0,6,6,4.0,2023-01-08,179200.0,716800.0,RevenueVue Dashboard
7175.0,76,12,10.0,2024-10-15,76605.18549396035,756000.0,BudgetMaster Pro
7178.0,2,7,9.0,2024-06-02,157851.26651940288,1512000.0,DataBridge Integration Tool
7180.0,33,6,17.0,2024-01-13,194959.5149251317,3046400.0,RevenueVue Dashboard
7187.0,69,20,21.0,2023-02-09,203951.699367015,4480000.0,FinSphere Intelligence Suite
7189.0,13,17,17.0,2022-06-28,164278.5081935074,2856000.0,RealTime Revenue
7208.0,85,5,4.0,2023-04-09,78365.28214207197,313461.1285682879,SalesSync Optimizer
7210.0,93,11,12.0,2022-05-14,158308.50285888792,1881600.0,OptiFlow Automation
7211.0,97,3,17.0,2021-05-26,94502.78245754624,1612800.0,TrendWise Forecaster
7212.0,8,14,17.0,2024-09-18,133088.4338865704,2318400.0,InsightMax Insights Platform
,62,7,2.0,2021-01-08,151381.48707613014,302762.9741522603,DataBridge Integration Tool
7223.0,11,15,20.0,2023-04-21,99734.08120373468,2016000.0,NexGen Segmentator
7229.0,63,9,18.0,2023-11-02,113668.71405809252,1904000.0,Product 9
7235.0,100,2,20.0,2022-12-21,178574.01694459651,3192000.0,MarketMinder Analytics
7240.0,45,11,14.0,2023-09-26,165678.56008483854,2352000.0,OptiFlow Automation
,95,19,20.0,2021-12-07,95200.0,1904000.0,EcoNomix Modeler
7247.0,56,9,19.0,2022-05-17,123139.58398360304,2240000.0,Product 9
7251.0,77,13,16.0,2023-03-12,188670.5621861481,3018728.9949783697,ForecastXcelerator 
7263.0,18,10,13.0,2023-04-02,89600.0,1075200.0,SegmentX Targeting
7271.0,8,5,8.0,2023-02-05,79248.67520422897,588000.0,SalesSync Optimizer
7279.0,43,12,15.0,2024-07-04,90424.40794032037,1344000.0,BudgetMaster Pro
7280.0,86,19,15.0,2024-04-14,98924.49131833122,1523200.0,EcoNomix Modeler
7288.0,40,17,9.0,2021-09-01,184422.7547088681,1512000.0,RealTime Revenue
7308.0,8,3,20.0,2020-11-19,106359.06245364636,1915200.0,TrendWise Forecaster
7309.0,12,16,12.0,2023-02-21,107556.18834326536,1383200.0,
7317.0,4,14,7.0,2022-10-30,140878.62760507845,901600.0,InsightMax Insights Platform
7321.0,56,13,3.0,2024-01-08,196000.0,588000.0,ForecastXcelerator 
,22,16,12.0,2024-01-02,,1383200.0,
7330.0,63,19,8.0,2021-09-28,95611.20352490536,764889.6281992429,EcoNomix Modeler
7340.0,44,18,11.0,2022-01-19,134316.63224133398,1477482.9546546738,DashSync Analytics Hub
7345.0,7,13,4.0,2021-11-21,192635.13037424436,770540.5214969774,ForecastXcelerator 
7346.0,96,1,4.0,2021-08-25,148935.1007449198,700000.0,FinPredictor Suite
7363.0,35,10,2.0,2021-04-11,85428.8377505181,170857.6755010362,SegmentX Targeting
7367.0,40,6,17.0,2022-08-31,164613.51042229438,3046400.0,RevenueVue Dashboard
,7,10,9.0,2022-06-01,98545.71988774596,896000.0,SegmentX Targeting
7379.0,34,4,4.0,2024-02-26,123586.58579600928,492800.0,CustomerScope Insights
7382.0,22,13,2.0,2022-06-17,187356.37565232572,374712.75130465144,ForecastXcelerator 
,27,14,14.0,2023-04-12,119682.45873093556,1932000.0,InsightMax Insights Platform
7388.0,41,6,16.0,2021-10-31,191189.77622702357,2688000.0,RevenueVue Dashboard
7398.0,55,13,8.0,2021-02-23,197523.4878987976,1764000.0,ForecastXcelerator 
7403.0,51,4,19.0,2023-05-30,129505.26124092766,2217600.0,CustomerScope Insights
7407.0,51,15,13.0,2021-06-26,109573.86227366488,1209600.0,NexGen Segmentator
7409.0,71,1,14.0,2022-07-27,136080.49606902446,2100000.0,FinPredictor Suite
7416.0,52,15,7.0,2024-03-10,107127.15129050732,806400.0,NexGen Segmentator
7420.0,28,18,14.0,2020-12-12,141517.1301170849,2016000.0,DashSync Analytics Hub
7424.0,51,14,5.0,2024-08-02,117330.33878683584,515200.0,InsightMax Insights Platform
7426.0,63,4,18.0,2023-12-02,122485.80622403692,2217600.0,CustomerScope Insights
7435.0,28,6,3.0,2022-04-28,179891.91956767338,539675.7587030202,RevenueVue Dashboard
7439.0,80,2,10.0,2022-02-24,173833.25977077964,1512000.0,MarketMinder Analytics
7442.0,94,8,7.0,2022-04-30,,1209600.0,
7449.0,99,8,12.0,2021-11-08,164978.68691212352,1814400.0,
7455.0,91,16,1.0,2024-06-29,104382.18345138105,104382.18345138105,
7463.0,14,14,5.0,2024-02-18,120635.88843140948,603179.4421570473,InsightMax Insights Platform
7466.0,61,20,2.0,2022-11-29,219428.57341859452,448000.0,FinSphere Intelligence Suite
7467.0,80,5,2.0,2023-07-02,89277.52444608061,168000.0,SalesSync Optimizer
7477.0,40,2,8.0,2023-03-30,166179.63470387884,1512000.0,MarketMinder Analytics
7478.0,2,20,1.0,2021-10-06,234810.40548319847,224000.0,FinSphere Intelligence Suite
7496.0,97,4,15.0,2024-09-11,126253.64688404596,1848000.0,CustomerScope Insights
7498.0,74,10,13.0,2023-09-03,84058.73868683087,1075200.0,SegmentX Targeting
7500.0,31,20,16.0,2020-11-05,208813.68768757672,3808000.0,FinSphere Intelligence Suite
7501.0,92,3,13.0,2024-01-03,106583.49404759868,1310400.0,TrendWise Forecaster
7504.0,37,1,4.0,2024-01-04,138125.35810267704,552501.4324107082,FinPredictor Suite
7506.0,13,12,12.0,2024-02-05,90163.385499892,924000.0,BudgetMaster Pro
7511.0,6,9,18.0,2023-07-20,107511.6590501664,1935209.8629029952,Product 9
7512.0,69,16,12.0,2023-06-01,101214.82956467132,1383200.0,
7514.0,2,19,12.0,2022-10-18,89873.43796535929,1237600.0,EcoNomix Modeler
7517.0,78,11,9.0,2021-04-22,169669.34058137357,1411200.0,OptiFlow Automation
7534.0,27,16,15.0,2023-06-16,100431.46445965044,1702400.0,
7539.0,22,7,20.0,2023-08-29,138974.36735251476,2872800.0,DataBridge Integration Tool
7552.0,98,12,8.0,2021-02-02,85423.56708069137,672000.0,BudgetMaster Pro
7559.0,65,17,17.0,2022-12-06,162012.41577169407,2856000.0,RealTime Revenue
7560.0,65,14,18.0,2023-04-06,141663.8488665177,2549949.2795973187,InsightMax Insights Platform
7566.0,56,12,19.0,2023-05-02,91779.29752614,1680000.0,BudgetMaster Pro
7576.0,25,9,14.0,2024-01-12,115955.32980574432,1680000.0,Product 9
7577.0,45,4,13.0,2021-01-07,128331.156192097,1668305.0304972609,CustomerScope Insights
7583.0,29,15,17.0,2023-07-27,103849.70647725769,1713600.0,NexGen Segmentator
7591.0,68,11,3.0,2024-07-09,161810.63458573516,485431.90375720547,OptiFlow Automation
7592.0,75,19,14.0,2024-02-25,92873.61860776438,1428000.0,EcoNomix Modeler
7595.0,20,17,3.0,2023-11-08,155255.67073369335,504000.0,RealTime Revenue
7596.0,92,13,5.0,2023-10-12,202589.30047315953,1176000.0,ForecastXcelerator 
7605.0,6,10,3.0,2021-05-03,89106.81544002877,267320.4463200863,SegmentX Targeting
7611.0,18,13,19.0,2024-03-23,185344.00012705353,3724000.0,ForecastXcelerator 
7614.0,73,5,4.0,2023-06-09,87688.44019546437,420000.0,SalesSync Optimizer
7615.0,35,12,15.0,2020-11-17,81142.8831449924,1176000.0,BudgetMaster Pro
7616.0,70,16,3.0,2022-10-09,98884.75026386014,319200.0,
7622.0,49,1,19.0,2021-09-03,134711.25056830028,2660000.0,FinPredictor Suite
7624.0,7,5,13.0,2022-08-07,84259.22592437657,1176000.0,SalesSync Optimizer
7626.0,49,13,9.0,2021-02-19,211237.5593010639,1960000.0,ForecastXcelerator 
7632.0,41,7,7.0,2022-07-03,140991.3521436693,986939.4650056851,DataBridge Integration Tool
,41,7,6.0,2020-11-12,155450.29995856673,756000.0,DataBridge Integration Tool
7639.0,33,13,8.0,2020-12-25,213704.0034868876,1372000.0,ForecastXcelerator 
7654.0,2,7,16.0,2021-10-05,146329.29750720985,2268000.0,DataBridge Integration Tool
7660.0,48,4,15.0,2023-12-04,120679.10766775468,1724800.0,CustomerScope Insights
7673.0,16,7,7.0,2023-12-17,158290.84243475273,907200.0,DataBridge Integration Tool
7679.0,89,9,17.0,2023-12-19,109094.04513183556,2016000.0,Product 9
7680.0,53,11,18.0,2022-01-13,164829.7427435345,2822400.0,OptiFlow Automation
,63,18,11.0,2024-05-07,142257.14967797828,1478400.0,DashSync Analytics Hub
7695.0,3,14,14.0,2021-11-08,128800.0,1803200.0,InsightMax Insights Platform
7701.0,95,12,1.0,2022-09-24,81326.14556396106,81326.14556396106,BudgetMaster Pro
7705.0,65,20,18.0,2023-02-12,230510.06329726276,3808000.0,FinSphere Intelligence Suite
7707.0,19,9,17.0,2024-10-28,122681.57869536264,2016000.0,Product 9
7709.0,92,13,19.0,2024-07-05,176573.15210210253,3920000.0,ForecastXcelerator 
7712.0,12,2,2.0,2021-03-20,158637.23203281054,317274.4640656211,MarketMinder Analytics
7714.0,5,4,17.0,2023-02-24,116450.84004427036,2094400.0,CustomerScope Insights
7717.0,69,2,8.0,2021-11-29,162120.73509029683,1512000.0,MarketMinder Analytics
7725.0,81,8,15.0,2024-09-21,163071.4738401257,2419200.0,
7737.0,75,16,20.0,2024-08-30,115346.29140855827,2128000.0,
7744.0,54,7,4.0,2023-02-07,159262.5317867965,756000.0,DataBridge Integration Tool
,19,10,6.0,2021-01-27,83003.88963570306,498023.33781421836,SegmentX Targeting
7751.0,95,6,4.0,2023-02-22,188141.91864858105,716800.0,RevenueVue Dashboard
7754.0,66,15,12.0,2022-07-02,91400.90402327431,1108800.0,NexGen Segmentator
7760.0,16,13,6.0,2024-06-27,197454.02660306153,980000.0,ForecastXcelerator 
7764.0,32,17,17.0,2023-01-31,165209.5314691358,2688000.0,RealTime Revenue
7766.0,48,18,10.0,2023-03-26,147807.5223297623,1478400.0,DashSync Analytics Hub
7768.0,25,2,17.0,2024-07-31,161125.73619834648,3024000.0,MarketMinder Analytics
7775.0,65,2,16.0,2023-03-17,167230.21718893573,2520000.0,MarketMinder Analytics
7776.0,61,16,12.0,2021-05-09,108072.42272326592,1170400.0,
7779.0,98,13,2.0,2023-12-28,214897.66121687568,429795.32243375137,ForecastXcelerator 
7788.0,33,1,13.0,2024-07-29,133270.86255677117,1680000.0,FinPredictor Suite
7799.0,51,6,14.0,2024-04-21,188605.19852127455,2688000.0,RevenueVue Dashboard
7801.0,4,2,6.0,2023-07-28,180675.63837580575,1084053.8302548346,MarketMinder Analytics
,12,7,3.0,2023-01-26,148792.4328165812,453600.0,DataBridge Integration Tool
7817.0,33,10,2.0,2022-09-04,85371.4819871409,170742.9639742818,SegmentX Targeting
7818.0,1,7,19.0,2022-07-24,155002.25599030673,3024000.0,DataBridge Integration Tool
7827.0,40,13,5.0,2023-05-09,195721.10955492535,978605.5477746268,ForecastXcelerator 
7828.0,50,9,16.0,2020-11-10,107656.67056074196,1792000.0,Product 9
7834.0,48,5,17.0,2021-04-25,78701.33824818418,1344000.0,SalesSync Optimizer
7835.0,49,9,3.0,2024-04-17,118813.65464714813,336000.0,Product 9
7837.0,90,8,13.0,2021-10-14,136546.62655510762,1814400.0,
7838.0,8,11,19.0,2024-09-07,159469.92990689285,3136000.0,OptiFlow Automation
7843.0,63,2,10.0,2023-04-20,174941.01361532914,1749410.1361532914,MarketMinder Analytics
7844.0,23,19,18.0,2021-12-15,95200.0,1618400.0,EcoNomix Modeler
7845.0,13,8,13.0,2021-08-11,157307.7534002036,2116800.0,
7848.0,54,17,16.0,2022-05-04,154511.082278337,2688000.0,RealTime Revenue
7857.0,98,18,11.0,2020-11-05,127665.85734268032,1344000.0,DashSync Analytics Hub
7858.0,17,15,19.0,2021-06-05,107567.86509281152,2016000.0,NexGen Segmentator
7859.0,99,14,11.0,2022-12-11,131990.4931859557,1416800.0,InsightMax Insights Platform
7862.0,42,7,4.0,2024-06-13,137340.50719429558,453600.0,DataBridge Integration Tool
7868.0,55,2,11.0,2024-06-09,162603.81516968567,1680000.0,MarketMinder Analytics
7869.0,83,15,9.0,2024-06-26,104399.54704249388,1008000.0,NexGen Segmentator
7873.0,96,12,3.0,2023-08-28,79201.61516628509,237604.84549885528,BudgetMaster Pro
7875.0,45,10,3.0,2021-07-05,96156.48488543669,288469.45465631003,SegmentX Targeting
7881.0,81,17,15.0,2021-01-31,176000.25661450526,2352000.0,RealTime Revenue
7885.0,67,9,8.0,2024-08-06,121329.84253360218,896000.0,Product 9
7886.0,47,3,8.0,2021-10-24,110130.60591990384,907200.0,TrendWise Forecaster
,7,14,9.0,2023-09-22,125968.68820171394,1159200.0,InsightMax Insights Platform
7897.0,25,11,17.0,2022-05-31,166719.71561074708,2822400.0,OptiFlow Automation
7899.0,76,15,18.0,2023-07-13,109154.96260927302,1814400.0,NexGen Segmentator
7905.0,2,19,12.0,2023-11-21,98738.6734024552,1237600.0,EcoNomix Modeler
7913.0,22,19,16.0,2024-03-19,103581.69975115648,1523200.0,EcoNomix Modeler
7915.0,78,14,15.0,2023-11-13,136755.92905333644,1803200.0,InsightMax Insights Platform
7926.0,60,3,10.0,2022-07-29,100800.0,907200.0,TrendWise Forecaster
7929.0,68,11,19.0,2024-06-18,167524.65153437687,2822400.0,OptiFlow Automation
7930.0,74,11,2.0,2022-07-25,146721.74039931007,313600.0,OptiFlow Automation
7934.0,17,20,16.0,2022-01-06,226802.58511261927,3808000.0,FinSphere Intelligence Suite
7935.0,50,4,13.0,2022-02-09,123200.0,1601600.0,CustomerScope Insights
7939.0,69,5,4.0,2022-06-21,80990.07069911929,336000.0,SalesSync Optimizer
7947.0,90,18,6.0,2022-05-28,143365.86673667727,860195.2004200637,DashSync Analytics Hub
7949.0,76,1,11.0,2022-05-07,128312.24480364675,1540000.0,FinPredictor Suite
7950.0,81,9,12.0,2023-07-27,120830.02961023166,1456000.0,Product 9
,10,9,1.0,2020-12-11,111397.17258972074,111397.17258972074,Product 9
7974.0,82,17,18.0,2024-03-14,184139.30673590957,3024000.0,RealTime Revenue
7988.0,8,10,9.0,2021-10-23,83288.3504452792,806400.0,SegmentX Targeting
7995.0,49,3,1.0,2022-03-21,91670.37873890418,100800.0,TrendWise Forecaster
7996.0,2,20,11.0,2023-10-26,245092.98759438563,2464000.0,FinSphere Intelligence Suite
7997.0,39,3,8.0,2022-10-11,91111.73207670804,806400.0,TrendWise Forecaster
8000.0,16,15,12.0,2022-07-15,106703.35949433442,1209600.0,NexGen Segmentator
8017.0,79,20,3.0,2024-05-13,221482.2112860275,664446.6338580826,FinSphere Intelligence Suite
8023.0,87,7,10.0,2022-10-22,158573.63989288794,1585736.3989288793,DataBridge Integration Tool
8027.0,44,14,7.0,2021-08-18,123683.09482989392,772800.0,InsightMax Insights Platform
8030.0,84,20,21.0,2023-09-24,227780.7530695329,4480000.0,FinSphere Intelligence Suite
8031.0,22,1,12.0,2021-09-24,141506.31265822155,1820000.0,FinPredictor Suite
8033.0,68,6,3.0,2021-10-29,166482.03332747167,499446.099982415,RevenueVue Dashboard
,21,11,18.0,2023-04-14,165453.82926329403,2665600.0,OptiFlow Automation
8042.0,46,2,4.0,2021-07-18,156547.41852047286,672000.0,MarketMinder Analytics
8047.0,33,9,17.0,2023-11-21,116363.74933664354,1792000.0,Product 9
8051.0,31,9,15.0,2021-03-12,112000.0,1792000.0,Product 9
8054.0,40,12,18.0,2023-05-06,84000.0,1512000.0,BudgetMaster Pro
8056.0,94,19,15.0,2024-01-17,89898.12112165616,1523200.0,EcoNomix Modeler
8068.0,32,4,10.0,2020-12-16,117715.92445578298,1108800.0,CustomerScope Insights
8069.0,44,11,19.0,2022-05-28,147463.24294175944,2979200.0,OptiFlow Automation
8070.0,91,20,5.0,2023-01-28,239319.8777627856,1344000.0,FinSphere Intelligence Suite
8074.0,1,7,11.0,2021-06-11,151200.0,1814400.0,DataBridge Integration Tool
8087.0,28,8,11.0,2022-10-05,151703.70857646875,1814400.0,
8090.0,26,2,8.0,2023-04-03,154902.0341930216,1344000.0,MarketMinder Analytics
8110.0,29,17,15.0,2023-06-13,182180.8682670433,2520000.0,RealTime Revenue
8112.0,63,2,13.0,2023-09-24,166316.37340692568,2184000.0,MarketMinder Analytics
8122.0,12,6,6.0,2022-01-01,179200.0,1254400.0,RevenueVue Dashboard
8128.0,51,17,12.0,2022-02-02,156663.985418369,1848000.0,RealTime Revenue
8133.0,56,8,12.0,2024-09-01,,1965600.0,
8135.0,45,17,16.0,2022-09-27,160195.74383153825,2856000.0,RealTime Revenue
8138.0,67,7,13.0,2021-12-04,162789.06344369226,1814400.0,DataBridge Integration Tool
8143.0,28,9,14.0,2020-12-17,107352.164545565,1456000.0,Product 9
8155.0,48,5,7.0,2022-09-04,79282.84544403685,504000.0,SalesSync Optimizer
8160.0,76,5,19.0,2024-10-02,89643.82608606617,1680000.0,SalesSync Optimizer
8162.0,67,13,2.0,2021-01-03,212080.3023848392,424160.6047696784,ForecastXcelerator 
8168.0,50,19,18.0,2023-03-27,97975.24978439818,1713600.0,EcoNomix Modeler
8173.0,17,3,1.0,2023-09-08,97503.78131299032,100800.0,TrendWise Forecaster
8176.0,77,6,7.0,2023-04-13,179200.0,1254400.0,RevenueVue Dashboard
8181.0,30,6,21.0,2023-08-22,179962.29035627632,3584000.0,RevenueVue Dashboard
8182.0,17,3,10.0,2021-04-08,93425.55113308971,1108800.0,TrendWise Forecaster
8185.0,65,11,12.0,2021-12-15,162826.6280257036,1724800.0,OptiFlow Automation
8187.0,14,3,12.0,2022-01-03,102591.54812952802,1231098.5775543363,TrendWise Forecaster
8191.0,17,11,19.0,2021-04-21,163600.2031130215,3136000.0,OptiFlow Automation
8193.0,79,7,2.0,2024-04-07,137473.61189671012,274947.22379342024,DataBridge Integration Tool
,58,3,19.0,2022-11-19,96320.14949143108,2016000.0,TrendWise Forecaster
8202.0,78,16,3.0,2023-12-05,110481.78458255695,331445.3537476709,
8206.0,26,2,10.0,2024-09-08,160228.0805371444,1848000.0,MarketMinder Analytics
8209.0,67,8,2.0,2024-05-20,160164.40523683777,320328.81047367555,
8218.0,14,18,12.0,2024-04-28,121514.41404003576,1458172.9684804291,DashSync Analytics Hub
8223.0,13,3,13.0,2021-06-11,100262.85402407734,1411200.0,TrendWise Forecaster
8226.0,19,17,11.0,2021-01-13,178123.187251999,2016000.0,RealTime Revenue
,75,20,14.0,2020-12-28,224000.0,3136000.0,FinSphere Intelligence Suite
8233.0,26,11,7.0,2024-06-25,149704.38253598922,1047930.6777519246,OptiFlow Automation
8234.0,85,20,17.0,2022-01-24,236817.05654962236,3808000.0,FinSphere Intelligence Suite
8238.0,34,11,15.0,2023-03-22,154714.90173038878,2352000.0,OptiFlow Automation
8268.0,28,3,8.0,2024-01-21,98207.15560950107,907200.0,TrendWise Forecaster
8277.0,64,8,4.0,2021-07-02,163544.72610829328,604800.0,
8288.0,12,7,2.0,2022-03-12,161678.33068691345,323356.6613738269,DataBridge Integration Tool
8294.0,6,11,3.0,2023-12-26,141940.92809200115,470400.0,OptiFlow Automation
8300.0,75,14,8.0,2022-01-08,122127.80192027632,977022.4153622106,InsightMax Insights Platform
8312.0,73,2,8.0,2022-10-30,177167.06267650588,1344000.0,MarketMinder Analytics
8314.0,45,16,6.0,2022-01-28,101153.22700175714,606919.3620105429,
8316.0,19,8,10.0,2022-06-07,141085.44161609275,1512000.0,
8321.0,82,17,10.0,2023-02-09,180432.62239780076,1848000.0,RealTime Revenue
8326.0,95,6,12.0,2024-06-21,179200.0,2150400.0,RevenueVue Dashboard
8327.0,100,17,11.0,2021-09-19,152166.49994528413,1680000.0,RealTime Revenue
8330.0,30,6,9.0,2023-09-05,177688.47960650086,1792000.0,RevenueVue Dashboard
8332.0,15,15,1.0,2021-01-16,106511.38681790345,100800.0,NexGen Segmentator
8338.0,54,9,10.0,2024-06-30,121363.74193811385,1232000.0,Product 9
8342.0,43,13,21.0,2021-06-20,203354.53781814515,3920000.0,ForecastXcelerator 
8347.0,72,14,17.0,2020-11-29,119541.1068732859,2318400.0,InsightMax Insights Platform
,25,2,18.0,2024-07-05,178893.95624510234,3192000.0,MarketMinder Analytics
,61,17,12.0,2023-04-03,151210.21639003247,1848000.0,RealTime Revenue
8357.0,22,5,3.0,2023-05-17,78825.15329806309,236475.45989418926,SalesSync Optimizer
8384.0,27,6,16.0,2024-05-26,192380.78123819263,2867200.0,RevenueVue Dashboard
8389.0,18,17,15.0,2022-06-15,181280.79477250465,2352000.0,RealTime Revenue
8403.0,100,5,10.0,2024-03-15,76466.23051804822,764662.3051804822,SalesSync Optimizer
8405.0,77,11,11.0,2024-10-24,149201.77033376897,1724800.0,OptiFlow Automation
8411.0,33,7,13.0,2021-07-15,143333.80439362247,1965600.0,DataBridge Integration Tool
8416.0,39,12,5.0,2022-03-06,90875.09744049674,454375.4872024837,BudgetMaster Pro
8434.0,73,10,8.0,2021-11-30,98451.2586452929,806400.0,SegmentX Targeting
8451.0,80,10,20.0,2021-01-01,97623.76260839558,1792000.0,SegmentX Targeting
8453.0,65,18,8.0,2023-10-17,132923.02471881866,1075200.0,DashSync Analytics Hub
8454.0,79,19,5.0,2021-06-25,93198.8610701536,465994.305350768,EcoNomix Modeler
8463.0,64,8,7.0,2021-07-17,151687.20089064882,1058400.0,
8475.0,78,6,4.0,2023-07-22,169196.9911926277,676787.9647705108,RevenueVue Dashboard
8476.0,32,17,15.0,2023-10-16,165088.0509770542,2476320.764655813,RealTime Revenue
8498.0,14,2,18.0,2021-11-07,170476.39738432245,3192000.0,MarketMinder Analytics
8501.0,56,11,12.0,2023-08-21,171635.4511115082,1724800.0,OptiFlow Automation
8504.0,60,16,16.0,2024-01-08,103732.45262021828,1702400.0,
8507.0,48,19,8.0,2020-12-14,86293.12060389461,666400.0,EcoNomix Modeler
8509.0,30,10,21.0,2023-10-21,90618.28283938186,1792000.0,SegmentX Targeting
8512.0,2,11,14.0,2022-10-15,156800.0,2195200.0,OptiFlow Automation
8514.0,27,12,10.0,2024-06-05,78846.18901451748,840000.0,BudgetMaster Pro
8530.0,70,16,4.0,2023-07-03,115187.6710879687,460750.6843518748,
8532.0,4,18,20.0,2021-08-03,143567.3409594394,2688000.0,DashSync Analytics Hub
8552.0,71,5,4.0,2021-01-27,84000.0,336000.0,SalesSync Optimizer
8553.0,42,12,13.0,2022-06-21,83546.00526361867,1086098.0684270428,BudgetMaster Pro
8557.0,47,9,12.0,2022-07-22,112000.0,1456000.0,Product 9
8558.0,19,9,19.0,2021-12-16,123052.59529979053,2240000.0,Product 9
8566.0,28,7,17.0,2024-10-24,148118.83541438347,2721600.0,DataBridge Integration Tool
8572.0,72,2,20.0,2023-08-31,153475.86389987945,3360000.0,MarketMinder Analytics
8581.0,8,2,2.0,2023-01-11,156752.1530874202,313504.3061748404,MarketMinder Analytics
8585.0,8,7,3.0,2021-01-31,162158.17566961134,486474.52700883406,DataBridge Integration Tool
8592.0,5,2,3.0,2023-08-19,183648.50938750687,550945.5281625206,MarketMinder Analytics
8595.0,35,7,6.0,2021-08-17,138954.24995948182,833725.4997568909,DataBridge Integration Tool
8604.0,10,9,5.0,2023-07-12,106448.2352127274,532241.176063637,Product 9
8615.0,1,2,12.0,2021-11-24,153199.88551685566,2184000.0,MarketMinder Analytics
8619.0,30,5,6.0,2024-10-14,89508.93373707095,588000.0,SalesSync Optimizer
8621.0,26,20,3.0,2022-04-24,224000.0,672000.0,FinSphere Intelligence Suite
8627.0,68,11,19.0,2021-01-10,166640.53174300038,2979200.0,OptiFlow Automation
,91,6,3.0,2024-06-02,186298.6800345111,537600.0,RevenueVue Dashboard
8629.0,27,15,10.0,2021-11-24,99105.90516929603,907200.0,NexGen Segmentator
8657.0,14,5,16.0,2024-08-03,82327.821851405,1317245.14962248,SalesSync Optimizer
8660.0,32,7,11.0,2021-02-15,136449.41667624176,1500943.5834386593,DataBridge Integration Tool
8661.0,4,14,8.0,2021-10-14,120132.40789947256,961059.2631957805,InsightMax Insights Platform
8667.0,97,11,5.0,2021-05-17,147069.17031664803,627200.0,OptiFlow Automation
8678.0,44,5,19.0,2022-01-10,77062.49532042204,1512000.0,SalesSync Optimizer
8685.0,57,19,9.0,2021-07-14,103278.5617280342,856800.0,EcoNomix Modeler
8687.0,36,19,9.0,2023-06-28,90112.75742705404,856800.0,EcoNomix Modeler
,65,16,14.0,2021-09-17,102208.12451757451,1430913.743246043,
8703.0,97,16,8.0,2023-02-26,115642.48843643157,851200.0,
8705.0,6,1,18.0,2021-08-22,138837.21523548153,2660000.0,FinPredictor Suite
8708.0,83,5,17.0,2021-05-06,90182.61975643376,1512000.0,SalesSync Optimizer
8710.0,41,1,7.0,2022-12-07,136033.40053675335,1120000.0,FinPredictor Suite
8720.0,87,10,12.0,2022-07-22,91870.95676897366,985600.0,SegmentX Targeting
8724.0,22,19,18.0,2023-01-11,95200.0,1808800.0,EcoNomix Modeler
8726.0,88,16,5.0,2021-03-19,103330.58721511594,516652.9360755797,
8727.0,15,10,16.0,2023-07-24,89163.54488259397,1523200.0,SegmentX Targeting
8730.0,62,20,8.0,2023-02-27,230687.69849237855,1792000.0,FinSphere Intelligence Suite
8736.0,86,7,9.0,2024-03-12,152420.65123255647,1512000.0,DataBridge Integration Tool
8743.0,49,11,19.0,2023-06-25,154658.30672553717,2822400.0,OptiFlow Automation
8745.0,76,20,16.0,2023-12-23,218351.09795114983,3808000.0,FinSphere Intelligence Suite
8752.0,73,18,5.0,2023-05-24,144715.60794477165,723578.0397238582,DashSync Analytics Hub
8758.0,41,3,3.0,2021-08-28,106949.20860794032,320847.62582382094,TrendWise Forecaster
,40,8,18.0,2022-09-17,143857.7357678424,2872800.0,
8762.0,12,14,4.0,2021-09-21,141006.0528107523,644000.0,InsightMax Insights Platform
8763.0,25,4,14.0,2021-01-12,113692.29179675128,1601600.0,CustomerScope Insights
8766.0,96,18,11.0,2021-02-22,134400.0,1344000.0,DashSync Analytics Hub
8768.0,35,12,11.0,2021-11-05,87250.4901494184,1008000.0,BudgetMaster Pro
8769.0,27,12,6.0,2024-06-20,80414.80032249073,420000.0,BudgetMaster Pro
8779.0,76,20,19.0,2021-12-05,224000.0,4480000.0,FinSphere Intelligence Suite
8789.0,53,6,21.0,2022-10-12,183006.99781559972,3843146.9541275944,RevenueVue Dashboard
8797.0,26,1,6.0,2021-01-04,139786.75564572384,700000.0,FinPredictor Suite
,19,4,20.0,2023-05-14,113800.02182351866,2464000.0,CustomerScope Insights
8804.0,75,18,4.0,2021-02-21,145808.20999428193,537600.0,DashSync Analytics Hub
8811.0,41,6,17.0,2024-09-27,196542.1647794372,3046400.0,RevenueVue Dashboard
8812.0,96,13,3.0,2021-08-05,195622.7712469873,586868.313740962,ForecastXcelerator 
8817.0,83,2,4.0,2024-08-13,168000.0,672000.0,MarketMinder Analytics
8819.0,20,13,21.0,2024-03-14,202668.3527891313,3920000.0,ForecastXcelerator 
8826.0,82,5,14.0,2023-02-10,84000.0,1260000.0,SalesSync Optimizer
8831.0,67,6,11.0,2022-10-11,176528.72402256756,1941815.9642482433,RevenueVue Dashboard
8835.0,3,2,16.0,2024-03-17,183675.6805505556,2688000.0,MarketMinder Analytics
8837.0,90,9,7.0,2021-01-22,112666.98319820632,672000.0,Product 9
,20,7,1.0,2024-02-05,163134.61784487695,151200.0,DataBridge Integration Tool
8855.0,85,15,6.0,2023-05-20,96265.96388155982,604800.0,NexGen Segmentator
8857.0,33,19,13.0,2021-08-02,98226.20258299269,1142400.0,EcoNomix Modeler
8879.0,96,7,10.0,2023-07-25,146480.90903890177,1360800.0,DataBridge Integration Tool
8885.0,51,6,6.0,2022-01-11,195486.89607426393,1172921.3764455835,RevenueVue Dashboard
8886.0,53,6,14.0,2021-07-03,188573.75884419648,2688000.0,RevenueVue Dashboard
,30,13,8.0,2023-05-10,204350.68095652916,1568000.0,ForecastXcelerator 
8889.0,15,20,13.0,2022-09-10,245837.9440828225,3136000.0,FinSphere Intelligence Suite
8893.0,19,9,15.0,2021-05-18,112000.0,1792000.0,Product 9
8896.0,49,3,6.0,2021-01-30,100800.0,604800.0,TrendWise Forecaster
8916.0,62,16,8.0,2021-01-07,112596.83215685392,851200.0,
8919.0,89,6,11.0,2023-10-06,165443.83018307437,1792000.0,RevenueVue Dashboard
8932.0,81,12,2.0,2020-12-08,77262.96561322884,168000.0,BudgetMaster Pro
8935.0,64,7,7.0,2020-12-22,138532.8472535242,969729.9307746694,DataBridge Integration Tool
8939.0,57,18,2.0,2022-08-16,140864.1734373745,281728.346874749,DashSync Analytics Hub
8946.0,4,8,10.0,2022-12-11,140053.28402360974,1400532.8402360973,
8955.0,35,7,4.0,2022-12-05,139248.67547398966,604800.0,DataBridge Integration Tool
8957.0,82,3,4.0,2021-03-09,107785.3160337269,431141.2641349076,TrendWise Forecaster
8958.0,29,6,19.0,2023-03-24,196647.79136637584,3225600.0,RevenueVue Dashboard
8959.0,46,12,21.0,2024-10-20,83731.43006854648,1680000.0,BudgetMaster Pro
8961.0,43,2,18.0,2024-02-21,169694.83191816937,3192000.0,MarketMinder Analytics
8962.0,83,4,9.0,2021-07-09,133454.0783105422,1232000.0,CustomerScope Insights
8963.0,41,19,10.0,2023-07-08,95626.42529153716,1047200.0,EcoNomix Modeler
8974.0,23,9,6.0,2021-09-23,102909.60427459914,617457.6256475949,Product 9
,35,17,3.0,2023-09-27,177816.74130197486,504000.0,RealTime Revenue
8981.0,86,19,5.0,2022-10-18,101227.96826080368,571200.0,EcoNomix Modeler
8986.0,7,20,18.0,2022-03-28,202520.3805411219,3808000.0,FinSphere Intelligence Suite
8989.0,18,7,12.0,2022-01-17,161871.47771780725,1663200.0,DataBridge Integration Tool
9001.0,27,7,14.0,2024-07-19,137549.53359240488,1965600.0,DataBridge Integration Tool
9005.0,72,2,13.0,2021-08-22,155289.24950991318,2016000.0,MarketMinder Analytics
9012.0,25,20,13.0,2021-03-25,242967.93638090967,2688000.0,FinSphere Intelligence Suite
9027.0,38,19,7.0,2024-01-26,85944.59174776636,571200.0,EcoNomix Modeler
9032.0,60,12,11.0,2023-09-08,85168.85279927215,840000.0,BudgetMaster Pro
9033.0,69,12,20.0,2020-11-24,76476.69098675025,1596000.0,BudgetMaster Pro
9040.0,42,12,10.0,2024-01-04,78175.30001436996,840000.0,BudgetMaster Pro
9053.0,32,14,5.0,2022-12-31,119871.25578413488,599356.2789206743,InsightMax Insights Platform
9060.0,4,19,9.0,2021-08-05,87627.77304499954,761600.0,EcoNomix Modeler
,67,17,2.0,2022-04-21,154813.07584421308,309626.15168842615,RealTime Revenue
9067.0,75,15,10.0,2021-10-14,95260.05659173871,1108800.0,NexGen Segmentator
9070.0,42,9,8.0,2021-03-16,110883.8891350718,784000.0,Product 9
9077.0,18,10,16.0,2023-05-08,89600.0,1523200.0,SegmentX Targeting
9079.0,85,6,9.0,2022-09-04,165056.90994172808,1612800.0,RevenueVue Dashboard
9082.0,36,17,16.0,2021-07-14,163096.1926123799,2856000.0,RealTime Revenue
9088.0,10,8,17.0,2022-04-27,154431.62561377208,2570400.0,
9089.0,48,8,18.0,2024-06-26,147219.7036797867,2721600.0,
,22,6,16.0,2021-10-04,172304.59067348673,2688000.0,RevenueVue Dashboard
9100.0,33,10,16.0,2022-07-29,80936.04202145294,1523200.0,SegmentX Targeting
9106.0,78,14,17.0,2024-01-04,125019.62186076689,2189600.0,InsightMax Insights Platform
9122.0,56,14,2.0,2021-05-11,124924.37410063164,257600.0,InsightMax Insights Platform
9127.0,3,20,17.0,2020-12-23,223190.92523478263,3584000.0,FinSphere Intelligence Suite
9131.0,83,19,9.0,2023-10-06,99358.6683228684,761600.0,EcoNomix Modeler
9135.0,33,4,19.0,2024-05-11,132756.7359137726,2464000.0,CustomerScope Insights
9138.0,91,10,5.0,2023-07-30,87302.16875405613,448000.0,SegmentX Targeting
9140.0,58,14,5.0,2022-06-20,126979.16586040298,644000.0,InsightMax Insights Platform
9141.0,77,15,15.0,2024-09-13,97549.6743976394,1612800.0,NexGen Segmentator
,51,9,20.0,2020-11-12,115606.7143972463,2240000.0,Product 9
9155.0,62,17,13.0,2023-06-08,157917.764236174,2016000.0,RealTime Revenue
9160.0,52,20,16.0,2022-04-05,238578.9444278963,3584000.0,FinSphere Intelligence Suite
9163.0,97,17,18.0,2021-06-28,180664.58223397585,3192000.0,RealTime Revenue
9176.0,11,13,20.0,2021-11-22,186266.2665634398,3724000.0,ForecastXcelerator 
9181.0,93,5,7.0,2022-10-20,77106.18934659408,504000.0,SalesSync Optimizer
,49,8,10.0,2024-10-11,145056.8361347905,1360800.0,
9188.0,92,17,14.0,2021-11-27,159061.98025637108,2352000.0,RealTime Revenue
9191.0,39,19,6.0,2022-12-04,95200.0,571200.0,EcoNomix Modeler
,3,16,16.0,2023-12-24,116405.37108313,1862485.93733008,
9199.0,82,4,15.0,2021-07-09,134830.885713862,1724800.0,CustomerScope Insights
9200.0,44,8,3.0,2022-07-03,140353.63520189445,421060.90560568334,
9215.0,80,8,20.0,2022-10-19,137926.68022408438,3024000.0,
9224.0,87,19,11.0,2023-04-20,89505.05244489339,984555.5768938273,EcoNomix Modeler
9227.0,77,16,15.0,2021-01-29,98826.74671467178,1702400.0,
9229.0,29,17,10.0,2022-03-25,163925.00690706837,1680000.0,RealTime Revenue
9235.0,11,17,7.0,2022-09-18,176546.41833419827,1008000.0,RealTime Revenue
9239.0,62,1,10.0,2023-01-03,152943.4533028672,1540000.0,FinPredictor Suite
9250.0,98,1,3.0,2021-06-09,127173.41139937373,381520.2341981212,FinPredictor Suite
9260.0,10,1,18.0,2022-11-20,141622.15104667097,2520000.0,FinPredictor Suite
9275.0,29,15,11.0,2022-12-20,101814.28513051273,1209600.0,NexGen Segmentator
9283.0,27,20,2.0,2022-12-02,229863.1696808958,448000.0,FinSphere Intelligence Suite
9285.0,100,2,8.0,2022-03-03,169151.43084211624,1344000.0,MarketMinder Analytics
9292.0,22,11,12.0,2021-05-28,150355.8052310346,2038400.0,OptiFlow Automation
9295.0,98,11,13.0,2021-06-10,165479.7507566153,1881600.0,OptiFlow Automation
9300.0,13,5,12.0,2023-10-05,88647.78620016805,1092000.0,SalesSync Optimizer
9303.0,47,4,10.0,2021-10-11,125460.13414841116,1108800.0,CustomerScope Insights
,16,6,19.0,2022-10-15,185307.08491813688,3584000.0,RevenueVue Dashboard
9318.0,10,3,1.0,2022-04-02,90744.03870919428,90744.03870919428,TrendWise Forecaster
9322.0,58,14,17.0,2021-07-15,119994.8782582334,2318400.0,InsightMax Insights Platform
9337.0,69,10,12.0,2021-09-22,86201.88858790524,1075200.0,SegmentX Targeting
9338.0,27,20,12.0,2024-10-27,235104.55199825444,2821254.6239790535,FinSphere Intelligence Suite
9340.0,70,11,8.0,2023-12-12,170421.24149936115,1363369.9319948892,OptiFlow Automation
9355.0,73,10,2.0,2022-03-06,89012.20580473109,178024.41160946217,SegmentX Targeting
9358.0,94,19,8.0,2021-09-24,86884.77430113213,695078.194409057,EcoNomix Modeler
9370.0,16,15,12.0,2023-03-17,109120.12675292935,1209600.0,NexGen Segmentator
9372.0,88,20,16.0,2021-04-26,232627.98907177764,3584000.0,FinSphere Intelligence Suite
9375.0,35,19,14.0,2021-04-18,95200.0,1332800.0,EcoNomix Modeler
9376.0,57,5,7.0,2022-04-07,76862.53091671538,538037.7164170076,SalesSync Optimizer
9379.0,94,20,14.0,2023-12-18,224000.0,3360000.0,FinSphere Intelligence Suite
9386.0,32,9,16.0,2023-01-22,119017.79473907812,1904000.0,Product 9
9387.0,68,7,16.0,2022-06-06,144767.6642342333,2419200.0,DataBridge Integration Tool
9394.0,49,19,5.0,2024-01-18,87294.93274534975,436474.6637267488,EcoNomix Modeler
9399.0,23,17,3.0,2022-09-27,161831.86928006096,485495.60784018284,RealTime Revenue
9402.0,74,3,16.0,2023-05-12,95840.82995723012,1512000.0,TrendWise Forecaster
9404.0,87,11,14.0,2021-11-18,151079.99404329422,2115119.916606119,OptiFlow Automation
9406.0,57,3,5.0,2023-01-28,95588.79598078891,403200.0,TrendWise Forecaster
9407.0,40,20,9.0,2024-02-09,216923.80860834775,1792000.0,FinSphere Intelligence Suite
9414.0,22,15,18.0,2023-12-21,107240.63309814206,1814400.0,NexGen Segmentator
9427.0,32,1,12.0,2021-05-10,130545.61611543152,1680000.0,FinPredictor Suite
9431.0,22,7,1.0,2023-11-17,151200.0,151200.0,DataBridge Integration Tool
9432.0,13,1,5.0,2023-04-22,150944.14339095537,700000.0,FinPredictor Suite
9435.0,8,13,18.0,2021-08-08,180271.56353327088,3724000.0,ForecastXcelerator 
9439.0,4,6,9.0,2021-05-07,194506.39308149743,1612800.0,RevenueVue Dashboard
,46,18,17.0,2021-04-05,137387.63956635218,2150400.0,DashSync Analytics Hub
9457.0,11,1,2.0,2024-03-19,145813.68110613155,291627.3622122631,FinPredictor Suite
9459.0,69,11,13.0,2022-06-08,163487.81148765903,1881600.0,OptiFlow Automation
9461.0,20,2,6.0,2022-02-05,172479.78436977128,840000.0,MarketMinder Analytics
9465.0,50,7,11.0,2022-10-30,149401.2074744249,1512000.0,DataBridge Integration Tool
9469.0,30,16,20.0,2023-06-25,110717.078821371,2021600.0,
,16,7,16.0,2023-07-11,149741.41590893388,2268000.0,DataBridge Integration Tool
9482.0,67,18,5.0,2023-01-10,136655.50796706587,683277.5398353294,DashSync Analytics Hub
9487.0,19,4,1.0,2022-11-24,132754.87340052595,132754.87340052595,CustomerScope Insights
9490.0,89,17,6.0,2024-03-17,155574.66317644168,840000.0,RealTime Revenue
9496.0,53,10,13.0,2021-11-11,97055.85719260684,1075200.0,SegmentX Targeting
9515.0,91,17,14.0,2024-05-10,170837.8784479482,2352000.0,RealTime Revenue
9516.0,11,1,19.0,2021-12-01,134033.3051897318,2800000.0,FinPredictor Suite
9517.0,63,1,5.0,2022-12-04,134318.5481356712,671592.740678356,FinPredictor Suite
9522.0,31,16,8.0,2021-09-06,97041.89731024182,776335.1784819346,
9530.0,95,5,13.0,2021-05-10,77635.87677752216,1092000.0,SalesSync Optimizer
9535.0,70,13,2.0,2022-09-06,191947.1177566198,383894.2355132396,ForecastXcelerator 
9538.0,80,17,4.0,2021-08-01,160709.75372866058,642839.0149146423,RealTime Revenue
9539.0,1,20,4.0,2023-03-18,230497.20379520356,896000.0,FinSphere Intelligence Suite
9547.0,58,9,5.0,2021-06-04,112380.5650644242,560000.0,Product 9
9553.0,7,19,6.0,2021-01-17,93348.82890289174,476000.0,EcoNomix Modeler
,23,13,18.0,2023-11-01,202174.65248364003,3724000.0,ForecastXcelerator 
,62,1,16.0,2022-10-02,145028.69379440957,2100000.0,FinPredictor Suite
9571.0,36,8,20.0,2020-11-23,165337.92857119616,2872800.0,
9579.0,13,1,12.0,2022-06-19,131074.20579098456,1540000.0,FinPredictor Suite
9581.0,9,5,6.0,2022-08-10,77770.74175483153,420000.0,SalesSync Optimizer
9587.0,43,4,4.0,2021-04-02,133244.8030262755,492800.0,CustomerScope Insights
9609.0,50,20,18.0,2023-08-27,213381.7876088945,4256000.0,FinSphere Intelligence Suite
9611.0,9,18,1.0,2024-09-21,147425.2499147111,147425.2499147111,DashSync Analytics Hub
9632.0,28,4,14.0,2021-07-27,132423.37508478243,1724800.0,CustomerScope Insights
9635.0,21,20,13.0,2021-05-11,224000.0,3136000.0,FinSphere Intelligence Suite
9636.0,90,20,11.0,2023-09-17,210832.3571207739,2688000.0,FinSphere Intelligence Suite
9641.0,41,1,15.0,2023-09-01,140000.0,2100000.0,FinPredictor Suite
9645.0,12,1,9.0,2022-05-08,141301.49624743083,1260000.0,FinPredictor Suite
,89,1,17.0,2022-10-14,141357.86180275498,2240000.0,FinPredictor Suite
9667.0,31,9,13.0,2023-02-18,105601.7402089883,1568000.0,Product 9
9669.0,75,18,9.0,2022-09-22,134455.53382165078,1344000.0,DashSync Analytics Hub
9670.0,91,20,11.0,2021-06-26,208022.57206265425,2464000.0,FinSphere Intelligence Suite
,77,6,3.0,2021-11-23,169988.01986162394,509964.0595848718,RevenueVue Dashboard
,66,1,2.0,2023-02-12,152028.21503810666,304056.4300762133,FinPredictor Suite
,64,14,2.0,2021-10-07,134286.23770234775,268572.4754046955,InsightMax Insights Platform
9706.0,13,4,14.0,2020-11-08,125549.40685335304,1757691.6959469425,CustomerScope Insights
9707.0,34,9,10.0,2024-10-08,111345.79382595912,1120000.0,Product 9
9716.0,67,16,3.0,2020-11-12,97593.516549961,292780.549649883,
9718.0,75,20,13.0,2023-08-03,239971.01287419995,2912000.0,FinSphere Intelligence Suite
9723.0,39,10,12.0,2023-12-24,81716.53108446958,1164800.0,SegmentX Targeting
9729.0,42,4,11.0,2023-06-22,111225.37021269977,1223479.0723396975,CustomerScope Insights
9733.0,94,6,11.0,2022-01-25,179575.7678295455,1792000.0,RevenueVue Dashboard
9737.0,32,17,8.0,2023-06-14,157484.38116360348,1344000.0,RealTime Revenue
9743.0,84,17,5.0,2022-12-18,179960.60878216036,840000.0,RealTime Revenue
9746.0,72,11,5.0,2022-04-17,161506.52423371482,807532.6211685741,OptiFlow Automation
9747.0,39,6,21.0,2024-09-25,179200.0,3763200.0,RevenueVue Dashboard
9752.0,24,19,9.0,2023-12-18,91636.47905608072,761600.0,EcoNomix Modeler
,93,19,9.0,2024-05-03,97278.0424800335,761600.0,EcoNomix Modeler
9762.0,15,3,12.0,2024-02-13,95769.73939018013,1108800.0,TrendWise Forecaster
9765.0,88,7,8.0,2022-02-08,165989.51320247905,1209600.0,DataBridge Integration Tool
9776.0,16,9,4.0,2023-01-13,101579.06901777092,448000.0,Product 9
9785.0,49,9,8.0,2021-05-30,120473.44087411783,896000.0,Product 9
9787.0,84,12,20.0,2021-07-05,88008.62792626955,1596000.0,BudgetMaster Pro
9790.0,85,1,8.0,2020-11-24,140678.80314597295,1120000.0,FinPredictor Suite
9792.0,87,2,7.0,2023-06-02,183653.22809868443,1176000.0,MarketMinder Analytics
9793.0,50,13,13.0,2024-06-07,195445.33387975793,2548000.0,ForecastXcelerator 
9797.0,63,1,11.0,2021-08-20,127062.4307496294,1397686.7382459235,FinPredictor Suite
9801.0,44,3,8.0,2022-02-23,99149.585953701,793196.687629608,TrendWise Forecaster
9803.0,84,6,8.0,2021-04-06,166951.39843859657,1433600.0,RevenueVue Dashboard
9809.0,62,10,19.0,2023-09-13,87322.03913734521,1792000.0,SegmentX Targeting
9814.0,22,2,14.0,2021-06-06,158461.77284777927,2184000.0,MarketMinder Analytics
9819.0,42,2,11.0,2023-07-15,160651.41280708008,1767165.540877881,MarketMinder Analytics
9825.0,3,18,12.0,2023-01-26,135970.95006435408,1478400.0,DashSync Analytics Hub
9829.0,8,7,11.0,2020-12-15,164113.1514129819,1512000.0,DataBridge Integration Tool
9832.0,49,9,18.0,2022-06-07,117753.36614266071,2119560.590567893,Product 9
9843.0,65,6,8.0,2022-06-13,179200.0,1612800.0,RevenueVue Dashboard
9846.0,38,19,8.0,2024-02-12,102493.31129866785,666400.0,EcoNomix Modeler
9857.0,16,15,8.0,2021-07-04,90828.57290129537,705600.0,NexGen Segmentator
9860.0,76,6,19.0,2024-08-25,192549.4223429404,3225600.0,RevenueVue Dashboard
9861.0,16,3,3.0,2022-06-08,92959.80939220235,302400.0,TrendWise Forecaster
9862.0,72,4,17.0,2024-03-26,115694.19883540236,2094400.0,CustomerScope Insights
9863.0,7,16,5.0,2022-11-02,107833.38141499776,539166.9070749888,
9864.0,66,20,19.0,2023-02-24,242823.71379905552,4256000.0,FinSphere Intelligence Suite
9868.0,91,5,2.0,2021-09-15,87338.51506857967,168000.0,SalesSync Optimizer
9873.0,8,2,18.0,2021-02-21,168000.0,3024000.0,MarketMinder Analytics
9895.0,58,16,10.0,2020-11-14,115877.33169912096,1158773.3169912095,
,48,4,6.0,2024-09-21,123200.0,616000.0,CustomerScope Insights
,63,3,12.0,2024-06-23,100591.23634441989,1108800.0,TrendWise Forecaster
9917.0,46,15,14.0,2024-03-29,99972.77526119634,1310400.0,NexGen Segmentator
9928.0,53,18,15.0,2023-10-30,121659.91943371644,1881600.0,DashSync Analytics Hub
9934.0,45,4,2.0,2022-06-16,135392.84017801564,270785.6803560313,CustomerScope Insights
9937.0,14,8,17.0,2021-03-27,159165.61541002986,2419200.0,
9938.0,91,7,20.0,2022-01-04,149912.2175872309,2872800.0,DataBridge Integration Tool
9942.0,65,17,18.0,2024-08-07,170767.9264850124,3073822.676730223,RealTime Revenue
9946.0,58,4,20.0,2022-09-02,132264.1623709586,2340800.0,CustomerScope Insights
9949.0,83,13,17.0,2021-04-12,203389.5323714032,3136000.0,ForecastXcelerator 
9950.0,25,19,11.0,2024-08-01,100749.2410413539,1142400.0,EcoNomix Modeler
9965.0,83,20,7.0,2022-12-18,223229.46826408897,1568000.0,FinSphere Intelligence Suite
9979.0,37,8,14.0,2022-05-14,,2116800.0,
9983.0,80,15,8.0,2023-12-25,100800.0,806400.0,NexGen Segmentator
9984.0,93,9,3.0,2024-06-08,104687.31764922476,314061.95294767426,Product 9
9986.0,14,8,13.0,2023-10-24,144652.4661020032,2116800.0,
9990.0,82,4,2.0,2021-07-30,123200.0,246400.0,CustomerScope Insights
9992.0,57,6,16.0,2023-10-09,195647.86329977828,3046400.0,RevenueVue Dashboard
9993.0,62,3,3.0,2023-06-05,95650.12673755689,286950.38021267066,TrendWise Forecaster
9997.0,39,2,9.0,2021-05-17,159518.59739131472,1512000.0,MarketMinder Analytics
